"time_stamp","entity_id","entity_url_x","experiment_id","entity_category","entity_set","Baseline","Boring_Combined","Boring_Dem","Boring_Diff","Boring_Rep","Familiar_Combined","Familiar_Dem","Familiar_Diff","Familiar_Rep","Importance_Combined","Importance_Dem","Importance_Diff","Importance_Rep","Likelihood_Combined","Likelihood_Dem","Likelihood_Diff","Likelihood_Rep","Partisanship_Combined","Partisanship_Dem","Partisanship_Diff","Partisanship_Rep","PosViewed_Baseline","PosViewed_Combined","PosViewed_Dem","PosViewed_Diff","PosViewed_Rep","Positive_Combined","Positive_Combined.1","Positive_Dem","Positive_Dem.1","Positive_Diff","Positive_Diff.1","Positive_Rep","Positive_Rep.1","Sensational_Combined","Sensational_Dem","Sensational_Diff","Sensational_Rep","Sharing_Combined","Sharing_Dem","Sharing_Diff","Sharing_Rep"
"1640212917751","o9n_TQqop","https://foodcam20.media.mit.edu/static/entities/oct9_news/f_dominion%20software%20deleted%20over%202%20million%20votes.jpg","solarflare","news","oct9_news","0.31","3.1","3.32","0.44","2.88","2.2","2.28","0.16","2.12","4.365","4.28","-0.17","4.45","3.485","3.21","-0.55","3.76","3.81","3.34","-0.94","4.28","-0.345","3.655","3.55","-0.21","3.76","2.575","3.595","2.51","3.6","-0.13","0.01","2.64","3.59","3.47","3.72","0.5","3.22","3.025","2.89","-0.27","3.16"
"1640212917816","o9n_5OuMZ","https://foodcam20.media.mit.edu/static/entities/oct9_news/f_euthanize%20senior%20citizens.png","solarflare","news","oct9_news","0.385","2.97","3.18","0.42","2.76","2.44","2.74","0.6","2.14","4.755","4.71","-0.09","4.8","2.895","3.03","0.27","2.76","3.885","3.61","-0.55","4.16","-0.29","3.71","3.82","0.22","3.6","2.62","3.91","2.96","3.74","0.68","-0.34","2.28","4.08","4.265","4.33","0.13","4.2","3.175","3.13","-0.09","3.22"
"1640212917881","o9n_Lcqd8","https://foodcam20.media.mit.edu/static/entities/oct9_news/f_eutimes-uk-pathologist-warns-spike.png","solarflare","news","oct9_news","0.115","3.24","3.21","-0.06","3.27","2.5","2.51","0.02","2.49","3.905","3.74","-0.33","4.07","2.83","2.98","0.3","2.68","3.385","3.53","0.29","3.24","-0.48","3.52","3.77","0.5","3.27","2.34","2.985","2.63","2.75","0.58","-0.47","2.05","3.22","4.14","3.79","-0.7","4.49","2.855","2.86","0.01","2.85"
"1640212916172","o9n_GPvag","https://foodcam20.media.mit.edu/static/entities/oct9_news/f_21%20thousand%20dead%20people%20registered%20on%20pennsylvania%20voter%20rolls.jpg","solarflare","news","oct9_news","0.41","2.595","2.87","0.55","2.32","3.075","3.15","0.15","3.0","4.485","4.11","-0.75","4.86","3.975","3.21","-1.53","4.74","3.91","3.46","-0.9","4.36","-0.18","3.82","3.84","0.04","3.8","2.385","3.79","2.67","3.52","0.57","-0.54","2.1","4.06","3.365","3.89","1.05","2.84","3.09","3.16","0.14","3.02"
"1640212916233","o9n_Jsu5d","https://foodcam20.media.mit.edu/static/entities/oct9_news/f_21cir-pentagon-study-flu-shot.jpeg","solarflare","news","oct9_news","0.58","2.795","3.04","0.49","2.55","2.4","2.37","-0.06","2.43","4.48","4.57","0.18","4.39","2.775","2.53","-0.49","3.02","4.08","3.94","-0.28","4.22","-0.44","3.56","3.53","-0.06","3.59","2.15","3.35","2.2","3.27","0.1","-0.16","2.1","3.43","3.765","3.94","0.35","3.59","2.775","2.82","0.09","2.73"
"1640212916292","o9n_HEURp","https://foodcam20.media.mit.edu/static/entities/oct9_news/f_Alex%20Jones%20stops%20illegal%20smuggling%20of%20kids.png","solarflare","news","oct9_news","0.085","3.04","3.41","0.74","2.67","2.22","2.41","0.38","2.03","4.055","4.05","-0.01","4.06","3.53","3.2","-0.66","3.86","3.585","3.36","-0.45","3.81","-0.205","3.795","3.73","-0.13","3.86","2.815","3.29","2.91","3.52","0.19","0.46","2.72","3.06","3.715","4.18","0.93","3.25","2.78","2.75","-0.06","2.81"
"1640212916352","o9n_M7by4","https://foodcam20.media.mit.edu/static/entities/oct9_news/f_aoc%209-11%20not%20a%20big%20deal.jpg","solarflare","news","oct9_news","0.385","2.89","3.12","0.46","2.66","2.29","2.09","-0.4","2.49","4.375","4.12","-0.51","4.63","3.36","2.7","-1.32","4.02","3.885","3.6","-0.57","4.17","-0.695","3.305","3.07","-0.47","3.54","2.105","4.065","2.26","3.91","0.31","-0.31","1.95","4.22","3.76","4.3","1.08","3.22","2.735","2.74","0.01","2.73"
"1640212916412","o9n_DHWwd","https://foodcam20.media.mit.edu/static/entities/oct9_news/f_are%20you%20on%20trumps%20kill%20list%20stickers%20on%20mailbox.jpg","solarflare","news","oct9_news","0.42","3.265","3.22","-0.09","3.31","2.18","2.58","0.8","1.78","3.78","3.91","0.26","3.65","2.345","2.67","0.65","2.02","3.08","3.18","0.2","2.98","-0.57","3.43","3.76","0.66","3.1","2.035","3.19","2.44","3.62","0.81","0.86","1.63","2.76","4.255","4.22","-0.07","4.29","2.52","2.84","0.64","2.2"
"1640212916474","o9n_eKXd5","https://foodcam20.media.mit.edu/static/entities/oct9_news/f_australia%20forcefully%20vaccinating%2024k%20kids.png","solarflare","news","oct9_news","0.055","2.695","2.68","-0.03","2.71","2.565","2.61","0.09","2.52","4.26","4.17","-0.18","4.35","3.13","2.93","-0.4","3.33","3.555","3.44","-0.23","3.67","-0.385","3.615","3.73","0.23","3.5","2.445","3.665","2.68","3.37","0.47","-0.59","2.21","3.96","3.64","3.95","0.62","3.33","3.36","3.32","-0.08","3.4"
"1640212916534","o9n_1HMn3","https://foodcam20.media.mit.edu/static/entities/oct9_news/f_ballots%20shredded%20in%20Maricopa%20county.png","solarflare","news","oct9_news","0.02","2.81","2.95","0.28","2.67","2.94","3.28","0.68","2.6","4.235","4.47","0.47","4.0","3.775","3.71","-0.13","3.84","3.48","3.24","-0.48","3.72","-0.315","3.685","3.9","0.43","3.47","2.72","3.285","2.84","3.64","0.24","0.71","2.6","2.93","3.465","3.91","0.89","3.02","3.04","3.29","0.5","2.79"
"1640212916594","o9n_zAhBV","https://foodcam20.media.mit.edu/static/entities/oct9_news/f_Bannon%20beheading%20FBI%20director.png","solarflare","news","oct9_news","0.6","3.325","3.11","-0.43","3.54","2.685","2.94","0.51","2.43","3.715","3.93","0.43","3.5","3.305","3.7","0.79","2.91","2.9","2.91","0.02","2.89","-0.645","3.355","3.67","0.63","3.04","2.62","3.27","2.67","3.28","0.1","0.02","2.57","3.26","3.73","3.39","-0.68","4.07","2.835","3.19","0.71","2.48"
"1640212916654","o9n_jKlPh","https://foodcam20.media.mit.edu/static/entities/oct9_news/f_Biden%20Buys%20film%20right%20to%20piss%20off%20Trump.png","solarflare","news","oct9_news","0.78","3.135","3.32","0.37","2.95","1.98","2.14","0.32","1.82","3.025","3.0","-0.05","3.05","2.27","2.25","-0.04","2.29","2.72","2.7","-0.04","2.74","-0.61","3.39","3.62","0.46","3.16","2.23","2.72","2.75","2.89","1.04","0.34","1.71","2.55","4.325","4.23","-0.19","4.42","2.395","2.61","0.43","2.18"
"1640212916714","o9n_yS3Z1","https://foodcam20.media.mit.edu/static/entities/oct9_news/f_biden%20lookalike%20tried%20to%20get%20free%20meals.jpg","solarflare","news","oct9_news","0.035","3.43","3.51","0.16","3.35","2.065","2.27","0.41","1.86","2.525","2.68","0.31","2.37","3.0","3.2","0.4","2.8","3.535","3.29","-0.49","3.78","-0.285","3.715","3.63","-0.17","3.8","2.34","2.39","2.54","2.56","0.4","0.34","2.14","2.22","3.82","3.76","-0.12","3.88","2.715","2.76","0.09","2.67"
"1640212916771","o9n_jx5Gs","https://foodcam20.media.mit.edu/static/entities/oct9_news/f_Biden%20renames%20white%20house.png","solarflare","news","oct9_news","0.31","3.345","3.29","-0.11","3.4","2.355","2.73","0.75","1.98","4.08","4.25","0.34","3.91","2.9","3.0","0.2","2.8","3.19","3.09","-0.2","3.29","-0.435","3.565","3.86","0.59","3.27","2.59","3.415","3.07","3.41","0.96","-0.01","2.11","3.42","4.45","4.5","0.1","4.4","3.165","3.46","0.59","2.87"
"1640212916836","o9n_s5uWj","https://foodcam20.media.mit.edu/static/entities/oct9_news/f_Biden%20to%20hire%20servPro%20for%20white%20house%20restoration.png","solarflare","news","oct9_news","0.465","4.075","3.99","-0.17","4.16","2.31","2.75","0.88","1.87","3.09","3.52","0.86","2.66","3.44","3.62","0.36","3.26","3.035","2.96","-0.15","3.11","-0.115","3.885","4.32","0.87","3.45","2.595","2.835","3.01","3.06","0.83","0.45","2.18","2.61","3.505","3.64","0.27","3.37","2.575","2.91","0.67","2.24"
"1640212916898","o9n_6OOyv","https://foodcam20.media.mit.edu/static/entities/oct9_news/f_Biden%20to%20put%20unvaccinated%20in%20camps.png","solarflare","news","oct9_news","0.475","2.915","2.93","0.03","2.9","1.88","2.02","0.28","1.74","4.67","4.63","-0.08","4.71","2.125","1.94","-0.37","2.31","3.975","4.28","0.61","3.67","-1.115","2.885","2.96","0.15","2.81","1.89","3.825","2.04","3.7","0.3","-0.25","1.74","3.95","4.48","4.7","0.44","4.26","2.58","2.37","-0.42","2.79"
"1640212916974","o9n_hWYnH","https://foodcam20.media.mit.edu/static/entities/oct9_news/f_bitchute-nasal-swab.png","solarflare","news","oct9_news","0.3","3.11","3.24","0.26","2.98","2.105","2.5","0.79","1.71","4.265","4.04","-0.45","4.49","2.48","2.86","0.76","2.1","3.8","3.72","-0.16","3.88","-0.865","3.135","3.34","0.41","2.93","2.11","3.84","2.54","3.9","0.86","0.12","1.68","3.78","4.23","4.12","-0.22","4.34","2.685","2.88","0.39","2.49"
"1640212917035","o9n_BIdI4","https://foodcam20.media.mit.edu/static/entities/oct9_news/f_bitchute-report-vaccine-deaths.png","solarflare","news","oct9_news","0.525","2.585","2.67","0.17","2.5","2.38","2.49","0.22","2.27","4.79","4.81","0.04","4.77","3.02","2.94","-0.16","3.1","4.025","4.07","0.09","3.98","-0.54","3.46","3.54","0.16","3.38","2.17","3.795","2.36","3.96","0.38","0.33","1.98","3.63","3.925","4.16","0.47","3.69","2.81","2.83","0.04","2.79"
"1640212917092","o9n_d9Mt2","https://foodcam20.media.mit.edu/static/entities/oct9_news/f_british%20pilots%20die%20of%20COVID%20vaccine.png","solarflare","news","oct9_news","0.21","2.545","2.74","0.39","2.35","2.265","2.35","0.17","2.18","4.215","4.19","-0.05","4.24","3.575","3.6","0.05","3.55","3.71","3.6","-0.22","3.82","-0.11","3.89","3.98","0.18","3.8","2.11","3.38","2.16","3.58","0.1","0.4","2.06","3.18","2.95","2.98","0.06","2.92","3.01","3.26","0.5","2.76"
"1640212917152","o9n_EHgkV","https://foodcam20.media.mit.edu/static/entities/oct9_news/f_California%20excess%20voters.png","solarflare","news","oct9_news","0.355","2.96","3.39","0.86","2.53","2.25","2.52","0.54","1.98","4.245","3.98","-0.53","4.51","3.145","2.87","-0.55","3.42","3.855","3.87","0.03","3.84","-0.33","3.67","3.56","-0.22","3.78","2.185","3.11","2.35","3.24","0.33","0.26","2.02","2.98","3.475","3.71","0.47","3.24","2.94","2.81","-0.26","3.07"
"1640212917209","o9n_fgjH2","https://foodcam20.media.mit.edu/static/entities/oct9_news/f_cassingram-vaccines-gmo-death.png","solarflare","news","oct9_news","0.465","2.96","3.12","0.32","2.8","2.4","2.49","0.18","2.31","4.52","4.33","-0.38","4.71","2.73","2.19","-1.08","3.27","3.965","3.91","-0.11","4.02","-0.585","3.415","3.32","-0.19","3.51","2.095","3.735","2.28","3.74","0.37","0.01","1.91","3.73","3.995","4.28","0.57","3.71","2.84","2.79","-0.1","2.89"
"1640212917269","o9n_4gFZL","https://foodcam20.media.mit.edu/static/entities/oct9_news/f_cloverchronicle-gates-vaccine-kill.png","solarflare","news","oct9_news","0.24","2.985","2.89","-0.19","3.08","2.53","2.68","0.3","2.38","4.53","4.57","0.08","4.49","3.055","3.0","-0.11","3.11","3.74","3.72","-0.04","3.76","-0.34","3.66","3.62","-0.08","3.7","2.45","3.725","2.47","3.4","0.04","-0.65","2.43","4.05","3.85","4.13","0.56","3.57","2.86","2.83","-0.06","2.89"
"1640212917329","o9n_ZP08D","https://foodcam20.media.mit.edu/static/entities/oct9_news/f_court%20orders%20tiger%20woods%20to%20take%20137%20paternity%20tests.jpg","solarflare","news","oct9_news","0.02","3.325","3.5","0.35","3.15","2.31","2.36","0.1","2.26","2.87","2.74","-0.26","3.0","2.75","2.71","-0.08","2.79","3.48","3.36","-0.24","3.6","-0.555","3.445","3.29","-0.31","3.6","2.2","2.355","2.21","2.45","0.02","0.19","2.19","2.26","3.735","3.9","0.33","3.57","2.455","2.31","-0.29","2.6"
"1640212917387","o9n_xuEJ0","https://foodcam20.media.mit.edu/static/entities/oct9_news/f_cuomo%20coming%20out%20as%20bisexual%20for%20cabinet%20position.jpg","solarflare","news","oct9_news","0.27","3.455","3.37","-0.17","3.54","2.21","2.25","0.08","2.17","3.315","3.53","0.43","3.1","2.99","3.05","0.12","2.93","3.23","3.19","-0.08","3.27","-0.28","3.72","3.81","0.18","3.63","2.49","2.67","2.54","2.93","0.1","0.52","2.44","2.41","4.05","4.05","0.0","4.05","2.71","3.05","0.68","2.37"
"1640212917444","o9n_rw8F9","https://foodcam20.media.mit.edu/static/entities/oct9_news/f_death%20row%20inmate%20demands%20to%20be%20served%20a%20live%20cat%20as%20last%20meal.jpg","solarflare","news","oct9_news","0.315","3.225","3.18","-0.09","3.27","2.025","2.33","0.61","1.72","2.975","3.22","0.49","2.73","2.58","2.78","0.4","2.38","3.185","3.35","0.33","3.02","-0.86","3.14","3.18","0.08","3.1","1.855","3.895","1.94","3.76","0.17","-0.27","1.77","4.03","4.36","4.37","0.02","4.35","2.595","2.39","-0.41","2.8"
"1640212917508","o9n_Irgh9","https://foodcam20.media.mit.edu/static/entities/oct9_news/f_delaware%20judge%20rules%20that%20baby%20yoda%20affair%20doesnt%20count.jpg","solarflare","news","oct9_news","0.07","3.695","3.44","-0.51","3.95","2.01","2.17","0.32","1.85","2.555","2.42","-0.27","2.69","2.63","2.62","-0.02","2.64","3.43","3.35","-0.16","3.51","-0.605","3.395","3.64","0.49","3.15","2.085","2.445","2.17","2.45","0.17","0.01","2.0","2.44","4.005","3.86","-0.29","4.15","2.335","2.62","0.57","2.05"
"1640212917570","o9n_cMG64","https://foodcam20.media.mit.edu/static/entities/oct9_news/f_democrats%20stole%20votes.png","solarflare","news","oct9_news","0.16","3.135","3.19","0.11","3.08","2.455","2.67","0.43","2.24","4.32","4.54","0.44","4.1","3.43","3.43","0.0","3.43","3.66","3.28","-0.76","4.04","-0.405","3.595","3.46","-0.27","3.73","2.385","3.29","2.48","2.89","0.19","-0.8","2.29","3.69","3.61","3.63","0.04","3.59","2.525","2.5","-0.05","2.55"
"1640212917631","o9n_B3T6i","https://foodcam20.media.mit.edu/static/entities/oct9_news/f_derek%20chauvin%20suicide%20in%20prison.png","solarflare","news","oct9_news","0.435","2.895","2.53","-0.73","3.26","3.205","3.02","-0.37","3.39","3.85","3.87","0.04","3.83","4.235","4.4","0.33","4.07","3.065","2.8","-0.53","3.33","-0.03","3.97","3.96","-0.02","3.98","2.66","2.995","2.73","2.71","0.14","-0.57","2.59","3.28","3.195","3.02","-0.35","3.37","2.91","2.84","-0.14","2.98"
"1640212917691","o9n_4kRWW","https://foodcam20.media.mit.edu/static/entities/oct9_news/f_DOJ%20to%20investigate%20people%20chanting%20F%20Biden.png","solarflare","news","oct9_news","0.56","3.17","3.4","0.46","2.94","2.345","2.63","0.57","2.06","3.665","3.9","0.47","3.43","3.45","3.63","0.36","3.27","2.94","2.92","-0.04","2.96","-0.255","3.745","4.02","0.55","3.47","2.63","3.175","3.02","3.35","0.78","0.35","2.24","3.0","3.405","3.48","0.15","3.33","2.765","2.92","0.31","2.61"
"1640212917941","o9n_4jFEO","https://foodcam20.media.mit.edu/static/entities/oct9_news/f_farsnews-civil-defense-chief.jpg","solarflare","news","oct9_news","0.22","3.05","3.17","0.24","2.93","2.53","2.5","-0.06","2.56","4.2","4.02","-0.36","4.38","3.135","2.83","-0.61","3.44","3.72","3.62","-0.2","3.82","-0.38","3.62","3.62","0.0","3.62","2.59","3.52","2.4","3.31","-0.38","-0.42","2.78","3.73","3.84","3.88","0.08","3.8","2.795","2.88","0.17","2.71"
"1640212918007","o9n_2jqU4","https://foodcam20.media.mit.edu/static/entities/oct9_news/f_Fauci%20planning%20new%20virus.png","solarflare","news","oct9_news","0.135","2.99","3.09","0.2","2.89","2.19","2.18","-0.02","2.2","4.29","4.16","-0.26","4.42","2.99","2.76","-0.46","3.22","3.635","3.65","0.03","3.62","-0.845","3.155","2.93","-0.45","3.38","2.29","3.835","2.22","3.8","-0.14","-0.07","2.36","3.87","3.855","3.98","0.25","3.73","2.645","2.42","-0.45","2.87"
"1640212918070","o9n_mNjMj","https://foodcam20.media.mit.edu/static/entities/oct9_news/f_fbi%20behind%20jan%206%20riot.png","solarflare","news","oct9_news","0.075","2.81","2.62","-0.38","3.0","2.635","2.88","0.49","2.39","4.655","4.57","-0.17","4.74","3.18","3.25","0.14","3.11","3.575","2.83","-1.49","4.32","-0.47","3.53","3.32","-0.42","3.74","2.37","3.41","2.35","3.5","-0.04","0.18","2.39","3.32","3.745","3.6","-0.29","3.89","2.58","2.63","0.1","2.53"
"1640212918126","o9n_Ice7j","https://foodcam20.media.mit.edu/static/entities/oct9_news/f_fbi%20investigating%20whether%20trump%20spent%203%20million%20buying%20votes.jpg","solarflare","news","oct9_news","1.235","3.17","2.72","-0.9","3.62","2.26","2.35","0.18","2.17","4.28","4.58","0.6","3.98","3.04","3.72","1.36","2.36","2.265","2.53","0.53","2.0","-0.12","3.88","4.23","0.7","3.53","2.325","3.525","2.74","3.58","0.83","0.11","1.91","3.47","3.895","3.26","-1.27","4.53","2.645","2.84","0.39","2.45"
"1640212918182","o9n_NWOVt","https://foodcam20.media.mit.edu/static/entities/oct9_news/f_flynn%20exposes%20raid%20of%20cia%20vote%20hacking%20facility%20in%20germany.jpg","solarflare","news","oct9_news","0.185","2.935","2.94","0.01","2.93","2.465","2.71","0.49","2.22","4.25","3.94","-0.62","4.56","3.21","3.13","-0.16","3.29","3.685","3.13","-1.11","4.24","-0.305","3.695","3.81","0.23","3.58","2.575","3.265","2.75","3.37","0.35","0.21","2.4","3.16","3.915","4.1","0.37","3.73","2.815","3.1","0.57","2.53"
"1640212918242","o9n_uupt0","https://foodcam20.media.mit.edu/static/entities/oct9_news/f_Giuliani%20offers%20legal%20services%20in%20exchange%20for%20pardon.png","solarflare","news","oct9_news","0.145","3.37","3.4","0.06","3.34","2.085","2.15","0.13","2.02","3.51","3.52","0.02","3.5","2.82","3.02","0.4","2.62","3.355","3.6","0.49","3.11","-0.54","3.46","3.42","-0.08","3.5","2.07","3.005","2.02","2.92","-0.1","-0.17","2.12","3.09","3.8","3.87","0.14","3.73","2.46","2.35","-0.22","2.57"
"1640212918307","o9n_0I9jN","https://foodcam20.media.mit.edu/static/entities/oct9_news/f_Giuliani_mypillow_pitchman.png","solarflare","news","oct9_news","0.41","3.85","4.09","0.48","3.61","2.4","2.53","0.26","2.27","3.05","3.05","0.0","3.05","3.145","3.58","0.87","2.71","3.09","2.81","-0.56","3.37","-0.16","3.84","4.0","0.32","3.68","2.425","2.64","2.46","2.74","0.07","0.2","2.39","2.54","3.86","3.74","-0.24","3.98","2.64","2.77","0.26","2.51"
"1640212918368","o9n_TgoVL","https://foodcam20.media.mit.edu/static/entities/oct9_news/f_healthimpactnews-7-billion-vaccine.png","solarflare","news","oct9_news","0.295","3.265","3.29","0.05","3.24","2.565","2.54","-0.05","2.59","3.82","3.66","-0.32","3.98","3.62","3.14","-0.96","4.1","3.205","3.41","0.41","3.0","-0.245","3.755","3.71","-0.09","3.8","2.645","3.18","2.63","2.82","-0.03","-0.72","2.66","3.54","3.465","3.66","0.39","3.27","2.98","2.59","-0.78","3.37"
"1640212918429","o9n_8oAx1","https://foodcam20.media.mit.edu/static/entities/oct9_news/f_healthimpactnews-death-by-injection.jpeg","solarflare","news","oct9_news","0.17","2.67","2.89","0.44","2.45","2.485","2.67","0.37","2.3","4.24","3.83","-0.82","4.65","2.935","2.79","-0.29","3.08","3.67","3.55","-0.24","3.79","-0.545","3.455","3.35","-0.21","3.56","2.42","3.41","2.55","3.11","0.26","-0.6","2.29","3.71","3.54","3.55","0.02","3.53","2.885","2.82","-0.13","2.95"
"1640212918488","o9n_abZKl","https://foodcam20.media.mit.edu/static/entities/oct9_news/f_how%20a%20philly%20mob%20boss%20stole%20the%20election.jpg","solarflare","news","oct9_news","0.69","3.13","3.62","0.98","2.64","2.4","2.76","0.72","2.04","4.405","4.03","-0.75","4.78","3.25","2.92","-0.66","3.58","4.19","3.94","-0.5","4.44","0.055","4.055","3.67","-0.77","4.44","2.625","3.135","2.57","3.19","-0.11","0.11","2.68","3.08","3.67","4.1","0.86","3.24","3.0","2.94","-0.12","3.06"
"1640212918547","o9n_t9kXM","https://foodcam20.media.mit.edu/static/entities/oct9_news/f_impeach%20Pelosi.png","solarflare","news","oct9_news","0.71","3.19","3.66","0.94","2.72","2.405","2.83","0.85","1.98","4.4","4.17","-0.46","4.63","3.24","3.22","-0.04","3.26","4.21","3.66","-1.1","4.76","0.075","4.075","3.78","-0.59","4.37","3.055","2.935","2.78","3.44","-0.55","1.01","3.33","2.43","3.62","3.59","-0.06","3.65","3.27","3.02","-0.5","3.52"
"1640212918607","o9n_FHKKH","https://foodcam20.media.mit.edu/static/entities/oct9_news/f_infowars-pseudoscience-vaccines.png","solarflare","news","oct9_news","0.115","2.865","2.95","0.17","2.78","2.355","2.51","0.31","2.2","4.375","4.34","-0.07","4.41","3.37","3.05","-0.64","3.69","3.385","3.46","0.15","3.31","-0.25","3.75","3.64","-0.22","3.86","2.14","3.34","2.36","3.56","0.44","0.44","1.92","3.12","3.53","3.75","0.44","3.31","2.975","3.03","0.11","2.92"
"1640212918665","o9n_XL0Nd","https://foodcam20.media.mit.edu/static/entities/oct9_news/f_infowars-unvaccinated-women-claim.png","solarflare","news","oct9_news","0.135","2.86","3.0","0.28","2.72","2.23","2.56","0.66","1.9","4.52","4.54","0.04","4.5","2.815","2.85","0.07","2.78","3.635","3.75","0.23","3.52","-0.44","3.56","3.46","-0.2","3.66","2.185","3.595","2.27","3.81","0.17","0.43","2.1","3.38","4.03","4.1","0.14","3.96","2.755","2.69","-0.13","2.82"
"1640212918726","o9n_AHHmq","https://foodcam20.media.mit.edu/static/entities/oct9_news/f_intellihub-toxic-vaccine.png","solarflare","news","oct9_news","0.115","2.66","2.96","0.6","2.36","2.475","3.08","1.21","1.87","4.635","4.67","0.07","4.6","3.22","3.29","0.14","3.15","3.615","3.41","-0.41","3.82","-0.345","3.655","3.84","0.37","3.47","2.415","3.8","2.65","3.71","0.47","-0.18","2.18","3.89","3.655","3.75","0.19","3.56","3.22","3.49","0.54","2.95"
"1640212918785","o9n_CspIB","https://foodcam20.media.mit.edu/static/entities/oct9_news/f_Kamala%20military%20are%20cowards.png","solarflare","news","oct9_news","0.53","2.9","3.27","0.74","2.53","2.22","2.12","-0.2","2.32","4.425","4.46","0.07","4.39","2.645","2.2","-0.89","3.09","4.03","4.38","0.7","3.68","-0.725","3.275","3.18","-0.19","3.37","2.07","4.015","1.88","3.7","-0.38","-0.63","2.26","4.33","4.18","4.64","0.92","3.72","2.82","2.34","-0.96","3.3"
"1640212918846","o9n_ycq7J","https://foodcam20.media.mit.edu/static/entities/oct9_news/f_legal%20battle%20expected%20over%20will%20left%20to%20sitcom%20character%20alf.jpg","solarflare","news","oct9_news","0.05","3.325","3.22","-0.21","3.43","2.39","2.33","-0.12","2.45","2.945","2.84","-0.21","3.05","3.005","2.78","-0.45","3.23","3.45","3.31","-0.28","3.59","-0.325","3.675","3.65","-0.05","3.7","2.66","2.595","2.57","2.67","-0.18","0.15","2.75","2.52","3.695","3.59","-0.21","3.8","2.72","2.76","0.08","2.68"
"1640212918907","o9n_WAVTh","https://foodcam20.media.mit.edu/static/entities/oct9_news/f_lifesitenews-asymptomatic.png","solarflare","news","oct9_news","0.43","2.595","2.72","0.25","2.47","2.33","2.63","0.6","2.03","4.74","4.74","0.0","4.74","3.015","2.77","-0.49","3.26","3.93","3.65","-0.56","4.21","-0.495","3.505","3.16","-0.69","3.85","2.79","3.76","2.79","3.58","0.0","-0.36","2.79","3.94","3.87","4.12","0.5","3.62","3.08","2.81","-0.54","3.35"
"1640212918967","o9n_Ymg9N","https://foodcam20.media.mit.edu/static/entities/oct9_news/f_lifesitenews-shed-spike-protein.png","solarflare","news","oct9_news","0.04","3.075","3.04","-0.07","3.11","2.565","2.49","-0.15","2.64","4.52","4.68","0.32","4.36","3.18","2.89","-0.58","3.47","3.54","3.26","-0.56","3.82","-0.225","3.775","3.68","-0.19","3.87","2.48","3.29","2.47","3.09","-0.02","-0.4","2.49","3.49","3.935","4.11","0.35","3.76","2.825","2.72","-0.21","2.93"
"1640212919024","o9n_yaYXC","https://foodcam20.media.mit.edu/static/entities/oct9_news/f_male%20stripper%20shot%205%20times%20after%20showing%20up%20in%20cop%20costume.jpg","solarflare","news","oct9_news","0.555","3.105","2.91","-0.39","3.3","2.255","2.46","0.41","2.05","3.77","3.89","0.24","3.65","3.05","3.24","0.38","2.86","2.945","3.11","0.33","2.78","-0.55","3.45","3.85","0.8","3.05","2.32","3.25","2.37","3.39","0.1","0.28","2.27","3.11","3.88","3.57","-0.62","4.19","2.645","3.07","0.85","2.22"
"1640212919084","o9n_CBuzb","https://foodcam20.media.mit.edu/static/entities/oct9_news/f_Malia%20Obama%20jailed.png","solarflare","news","oct9_news","0.41","3.195","3.31","0.23","3.08","2.115","2.15","0.07","2.08","3.81","3.72","-0.18","3.9","3.025","2.44","-1.17","3.61","3.91","3.31","-1.2","4.51","-0.525","3.475","3.15","-0.65","3.8","2.3","2.955","1.97","2.95","-0.66","-0.01","2.63","2.96","3.97","4.41","0.88","3.53","2.665","2.21","-0.91","3.12"
"1640212919145","o9n_mF3Mh","https://foodcam20.media.mit.edu/static/entities/oct9_news/f_mcconnell%20to%20cosponsor%20bill%20aimed%20at%20restricting%20voting%20rights%20to%20landowners.jpg","solarflare","news","oct9_news","0.045","2.915","2.89","-0.05","2.94","2.15","2.11","-0.08","2.19","4.47","4.48","0.02","4.46","3.16","3.53","0.74","2.79","3.455","3.29","-0.33","3.62","-0.325","3.675","3.68","0.01","3.67","2.185","3.375","2.06","3.56","-0.25","0.37","2.31","3.19","3.465","3.1","-0.73","3.83","2.71","2.63","-0.16","2.79"
"1640212919205","o9n_ubdln","https://foodcam20.media.mit.edu/static/entities/oct9_news/f_McConnell%20ups%20Ventriloquism%20game.png","solarflare","news","oct9_news","0.595","3.775","3.65","-0.25","3.9","2.3","2.52","0.44","2.08","2.96","3.13","0.34","2.79","2.795","2.69","-0.21","2.9","2.905","2.94","0.07","2.87","-0.295","3.705","3.62","-0.17","3.79","2.46","2.72","2.63","2.71","0.34","-0.02","2.29","2.73","3.84","3.87","0.06","3.81","2.565","2.75","0.37","2.38"
"1640212919264","o9n_KNuEE","https://foodcam20.media.mit.edu/static/entities/oct9_news/f_michelle%20obama%20thinks%20she%20deserves%20supreme%20court.jpg","solarflare","news","oct9_news","0.48","3.28","3.23","-0.1","3.33","2.335","2.57","0.47","2.1","3.88","4.02","0.28","3.74","3.255","3.25","-0.01","3.26","3.02","2.89","-0.26","3.15","-0.34","3.66","3.91","0.5","3.41","2.55","3.01","3.02","2.79","0.94","-0.44","2.08","3.23","3.625","3.89","0.53","3.36","2.815","2.96","0.29","2.67"
"1640212919327","o9n_6aBZL","https://foodcam20.media.mit.edu/static/entities/oct9_news/f_miller%20voted%20trump%20admins%20sexiest%20man.jpg","solarflare","news","oct9_news","0.04","3.915","3.62","-0.59","4.21","2.265","2.46","0.39","2.07","2.33","2.68","0.7","1.98","2.7","2.97","0.54","2.43","3.46","3.11","-0.7","3.81","-0.45","3.55","3.65","0.2","3.45","2.355","2.385","2.54","2.65","0.37","0.53","2.17","2.12","3.68","3.65","-0.06","3.71","2.23","2.46","0.46","2.0"
"1640212919388","o9n_q8gO1","https://foodcam20.media.mit.edu/static/entities/oct9_news/f_more%20proof%20postal%20workers%20busted%20dumping%20mail.jpg","solarflare","news","oct9_news","0.16","2.7","2.92","0.44","2.48","2.98","3.12","0.28","2.84","4.595","4.46","-0.27","4.73","3.91","3.75","-0.32","4.07","3.34","2.88","-0.92","3.8","-0.085","3.915","4.08","0.33","3.75","2.405","3.635","2.85","3.63","0.89","-0.01","1.96","3.64","3.075","3.58","1.01","2.57","2.95","3.22","0.54","2.68"
"1640212919445","o9n_82hBj","https://foodcam20.media.mit.edu/static/entities/oct9_news/f_nationalfile-report-pfizer-vaccine.png","solarflare","news","oct9_news","0.28","2.74","2.85","0.22","2.63","2.25","2.37","0.24","2.13","4.81","4.46","-0.7","5.16","3.095","2.95","-0.29","3.24","3.78","3.85","0.14","3.71","-0.225","3.775","3.81","0.07","3.74","2.215","3.8","2.32","3.63","0.21","-0.34","2.11","3.97","3.76","3.86","0.2","3.66","3.105","3.1","-0.01","3.11"
"1640212919505","o9n_Vuaic","https://foodcam20.media.mit.edu/static/entities/oct9_news/f_new%20evidence%20dominion%20voting%20software%20was%20used%20by%20china%20to%20rig%20election.jpg","solarflare","news","oct9_news","0.0","2.98","3.08","0.2","2.88","2.835","2.87","0.07","2.8","4.49","4.67","0.36","4.31","3.265","3.1","-0.33","3.43","3.5","2.92","-1.16","4.08","-0.14","3.86","3.9","0.08","3.82","2.65","3.59","2.79","3.49","0.28","-0.2","2.51","3.69","3.575","3.82","0.49","3.33","3.175","3.1","-0.15","3.25"
"1640212919565","o9n_iZ2HR","https://foodcam20.media.mit.edu/static/entities/oct9_news/f_nj%20brother%20and%20sister%20allowed%20to%20marry.jpg","solarflare","news","oct9_news","0.29","3.28","3.12","-0.32","3.44","2.12","2.33","0.42","1.91","3.255","3.49","0.47","3.02","3.15","3.07","-0.16","3.23","3.21","3.65","0.88","2.77","-0.755","3.245","3.49","0.49","3.0","2.105","3.465","2.35","3.33","0.49","-0.27","1.86","3.6","3.55","3.49","-0.12","3.61","2.615","3.0","0.77","2.23"
"1640212919625","o9n_IL61Z","https://foodcam20.media.mit.edu/static/entities/oct9_news/f_Norway%20reclassifies%20covid%20as%20common%20flu.png","solarflare","news","oct9_news","0.41","2.945","3.05","0.21","2.84","2.485","2.42","-0.13","2.55","4.41","4.19","-0.44","4.63","3.245","2.92","-0.65","3.57","3.91","3.69","-0.44","4.13","0.065","4.065","3.68","-0.77","4.45","2.625","3.16","2.27","3.39","-0.71","0.46","2.98","2.93","3.5","3.54","0.08","3.46","3.1","2.68","-0.84","3.52"
"1640212919745","o9n_h2ON1","https://foodcam20.media.mit.edu/static/entities/oct9_news/f_obama%20i%20already%20made%20america%20great.jpg","solarflare","news","oct9_news","0.63","3.4","3.1","-0.6","3.7","2.575","2.56","-0.03","2.59","3.625","3.73","0.21","3.52","3.465","3.67","0.41","3.26","2.87","2.63","-0.48","3.11","-0.19","3.81","4.19","0.76","3.43","2.735","2.89","3.19","2.63","0.91","-0.52","2.28","3.15","3.495","3.58","0.17","3.41","2.715","3.06","0.69","2.37"
"1640212919805","o9n_vQAZv","https://foodcam20.media.mit.edu/static/entities/oct9_news/f_omar%20spits%20on%20the%20tomb%20of%20the%20unknown%20soldier.jpg","solarflare","news","oct9_news","0.53","2.78","2.85","0.14","2.71","2.365","2.26","-0.21","2.47","4.17","4.13","-0.08","4.21","2.89","2.78","-0.22","3.0","4.03","3.88","-0.3","4.18","-0.45","3.55","3.28","-0.54","3.82","2.2","4.075","1.9","4.12","-0.6","0.09","2.5","4.03","3.87","4.18","0.62","3.56","2.92","2.75","-0.34","3.09"
"1640212919868","o9n_PpZ0c","https://foodcam20.media.mit.edu/static/entities/oct9_news/f_orthospinenews-us-hospitals-paid.jpeg","solarflare","news","oct9_news","0.045","2.72","2.81","0.18","2.63","2.885","2.81","-0.15","2.96","4.725","4.53","-0.39","4.92","3.85","3.3","-1.1","4.4","3.455","3.53","0.15","3.38","-0.435","3.565","3.46","-0.21","3.67","2.365","3.85","2.56","3.68","0.39","-0.34","2.17","4.02","3.375","3.75","0.75","3.0","3.275","3.07","-0.41","3.48"
"1640212919926","o9n_GNR1H","https://foodcam20.media.mit.edu/static/entities/oct9_news/f_pelosi%20files%20to%20have%20trump%20tried%20before%20un%20court.jpg","solarflare","news","oct9_news","0.915","3.01","3.0","-0.02","3.02","1.85","1.98","0.26","1.72","3.91","4.16","0.5","3.66","3.37","3.16","-0.42","3.58","2.585","2.66","0.15","2.51","-0.575","3.425","3.64","0.43","3.21","1.935","2.785","2.32","2.42","0.77","-0.73","1.55","3.15","3.705","3.86","0.31","3.55","2.25","2.24","-0.02","2.26"
"1640212919986","o9n_gt4ok","https://foodcam20.media.mit.edu/static/entities/oct9_news/f_pence%20regrets%20that%20trump%20didnt%20do%20more%20to%20reverse%20gay%20agenda.jpg","solarflare","news","oct9_news","0.415","3.24","3.41","0.34","3.07","2.44","2.69","0.5","2.19","3.495","3.8","0.61","3.19","3.335","3.41","0.15","3.26","3.085","3.1","0.03","3.07","-0.395","3.605","4.0","0.79","3.21","2.39","3.005","2.71","3.08","0.64","0.15","2.07","2.93","3.46","3.57","0.22","3.35","2.81","3.29","0.96","2.33"
"1640212920047","o9n_9bZCj","https://foodcam20.media.mit.edu/static/entities/oct9_news/f_police%20told%20to%20investigate%20thousands%20of%20fake%20biden%20votes.jpg","solarflare","news","oct9_news","0.99","2.73","3.26","1.06","2.2","2.905","2.92","0.03","2.89","4.57","4.4","-0.34","4.74","3.595","2.85","-1.49","4.34","4.49","4.29","-0.4","4.69","-0.02","3.98","3.73","-0.5","4.23","2.59","3.52","2.47","3.87","-0.24","0.7","2.71","3.17","3.53","4.32","1.58","2.74","2.98","2.76","-0.44","3.2"
"1640212920110","o9n_6voDO","https://foodcam20.media.mit.edu/static/entities/oct9_news/f_Portland%20bans%20public%20urinals.png","solarflare","news","oct9_news","0.215","3.54","3.37","-0.34","3.71","2.245","2.31","0.13","2.18","3.275","3.48","0.41","3.07","3.01","2.91","-0.2","3.11","3.285","3.41","0.25","3.16","-0.6","3.4","3.69","0.58","3.11","2.26","2.805","2.5","2.59","0.48","-0.43","2.02","3.02","3.545","3.56","0.03","3.53","2.47","2.5","0.06","2.44"
"1640212920173","o9n_rmHvV","https://foodcam20.media.mit.edu/static/entities/oct9_news/f_portland%20to%20allow%20furries%20to%20defecate%20mate%20in%20dog%20parks.jpg","solarflare","news","oct9_news","0.22","3.39","3.36","-0.06","3.42","2.04","2.32","0.56","1.76","3.1","3.23","0.26","2.97","2.465","2.63","0.33","2.3","3.28","3.29","0.02","3.27","-0.555","3.445","3.98","1.07","2.91","2.165","2.88","2.48","2.88","0.63","0.0","1.85","2.88","3.675","3.59","-0.17","3.76","2.575","2.88","0.61","2.27"
"1640212920231","o9n_QJgXp","https://foodcam20.media.mit.edu/static/entities/oct9_news/f_potatriotsunite-clinton-medical-supply.jpg","solarflare","news","oct9_news","0.3","3.225","3.25","0.05","3.2","2.74","2.71","-0.06","2.77","4.375","4.41","0.07","4.34","3.715","3.57","-0.29","3.86","3.8","3.49","-0.62","4.11","-0.28","3.72","3.8","0.16","3.64","2.73","3.625","2.76","3.39","0.06","-0.47","2.7","3.86","3.77","3.84","0.14","3.7","3.02","3.24","0.44","2.8"
"1640212920294","o9n_36NXC","https://foodcam20.media.mit.edu/static/entities/oct9_news/f_president%20says%20ca%20fires%20made%20worse%20by%20windmills.jpg","solarflare","news","oct9_news","0.035","3.495","3.68","0.37","3.31","2.39","2.7","0.62","2.08","3.795","3.96","0.33","3.63","2.84","2.95","0.22","2.73","3.535","3.44","-0.19","3.63","-0.125","3.875","3.81","-0.13","3.94","2.45","2.98","2.46","3.09","0.02","0.22","2.44","2.87","3.655","3.89","0.47","3.42","2.68","2.67","-0.02","2.69"
"1640212920355","o9n_EF03l","https://foodcam20.media.mit.edu/static/entities/oct9_news/f_prominent%20dem%20arrested%20charged%20with%206%20felonies.jpg","solarflare","news","oct9_news","0.78","3.035","3.4","0.73","2.67","2.405","2.87","0.93","1.94","4.11","3.85","-0.52","4.37","3.055","2.98","-0.15","3.13","4.28","3.91","-0.74","4.65","-0.125","3.875","3.83","-0.09","3.92","2.83","3.04","2.68","3.96","-0.3","1.84","2.98","2.12","3.775","4.26","0.97","3.29","2.865","2.85","-0.03","2.88"
"1640212920417","o9n_P46h3","https://foodcam20.media.mit.edu/static/entities/oct9_news/f_redefine%20mass%20in%20mass%20shooting.png","solarflare","news","oct9_news","0.595","3.19","2.85","-0.68","3.53","2.275","2.6","0.65","1.95","3.975","4.39","0.83","3.56","3.05","3.33","0.56","2.77","2.905","2.79","-0.23","3.02","-0.195","3.805","4.01","0.41","3.6","2.285","2.875","2.55","3.15","0.53","0.55","2.02","2.6","3.665","3.73","0.13","3.6","2.645","3.03","0.77","2.26"
"1640212920476","o9n_I7hTX","https://foodcam20.media.mit.edu/static/entities/oct9_news/f_Republicans%20move%20voting%20booth%20to%20mountain%20top.png","solarflare","news","oct9_news","0.47","3.31","3.24","-0.14","3.38","2.015","2.06","0.09","1.97","3.82","3.9","0.16","3.74","2.22","2.5","0.56","1.94","3.03","3.3","0.54","2.76","-0.835","3.165","3.24","0.15","3.09","2.05","2.94","2.34","3.0","0.58","0.12","1.76","2.88","4.4","4.54","0.28","4.26","2.35","2.38","0.06","2.32"
"1640212920536","o9n_s8FMF","https://foodcam20.media.mit.edu/static/entities/oct9_news/f_Republicans%20to%20support%20democratic%20leader%20chosen%20on%20the%20basis%20of%20race.png","solarflare","news","oct9_news","0.955","3.385","3.5","0.23","3.27","2.06","2.32","0.52","1.8","4.36","4.54","0.36","4.18","2.91","3.26","0.7","2.56","2.545","2.78","0.47","2.31","-0.405","3.595","3.86","0.53","3.33","2.285","3.41","2.66","3.22","0.75","-0.38","1.91","3.6","3.765","3.46","-0.61","4.07","2.87","3.14","0.54","2.6"
"1640212920596","o9n_AxYVT","https://foodcam20.media.mit.edu/static/entities/oct9_news/f_rnc%20quietly%20removes%20supporting%20american%20democracy%20from%20platform.jpg","solarflare","news","oct9_news","0.1","3.335","3.23","-0.21","3.44","2.325","2.21","-0.23","2.44","3.64","3.6","-0.08","3.68","3.3","3.3","0.0","3.3","3.4","3.6","0.4","3.2","-0.51","3.49","3.38","-0.22","3.6","2.175","2.82","2.11","2.72","-0.13","-0.2","2.24","2.92","3.1","2.92","-0.36","3.28","2.49","2.3","-0.38","2.68"
"1640212920660","o9n_6kYwX","https://foodcam20.media.mit.edu/static/entities/oct9_news/f_Rupaul%20touched%20by%20Trump.png","solarflare","news","oct9_news","1.22","3.55","3.24","-0.62","3.86","2.23","2.56","0.66","1.9","3.71","4.15","0.88","3.27","2.97","3.49","1.04","2.45","2.28","2.09","-0.38","2.47","-0.505","3.495","3.62","0.25","3.37","2.355","3.13","2.69","3.18","0.67","0.1","2.02","3.08","4.245","3.82","-0.85","4.67","2.755","3.18","0.85","2.33"
"1640212920721","o9n_SuWeO","https://foodcam20.media.mit.edu/static/entities/oct9_news/f_russian%20hackers%20insert%20porn%20pages%20into%20married%20mans%20browser%20history.jpg","solarflare","news","oct9_news","0.28","3.21","3.32","0.22","3.1","2.305","2.41","0.21","2.2","3.31","3.03","-0.56","3.59","2.895","2.83","-0.13","2.96","3.22","3.11","-0.22","3.33","-0.22","3.78","3.85","0.14","3.71","2.08","3.08","2.2","3.0","0.24","-0.16","1.96","3.16","3.57","3.39","-0.36","3.75","2.755","2.8","0.09","2.71"
"1640212920781","o9n_xm7xH","https://foodcam20.media.mit.edu/static/entities/oct9_news/f_shocking%20revelation%20and%20divorce%20after%20obama%20admits%20gay.jpg","solarflare","news","oct9_news","0.61","3.465","3.43","-0.07","3.5","1.935","2.2","0.53","1.67","3.2","3.09","-0.22","3.31","2.15","2.11","-0.08","2.19","4.11","3.87","-0.48","4.35","-0.595","3.405","3.5","0.19","3.31","2.27","2.53","2.48","2.93","0.42","0.8","2.06","2.13","4.47","4.81","0.68","4.13","2.49","2.52","0.06","2.46"
"1640212920841","o9n_CPVkv","https://foodcam20.media.mit.edu/static/entities/oct9_news/f_soros%20arrested%20in%20philadelphia%20election%20interference.jpg","solarflare","news","oct9_news","0.25","2.8","2.94","0.28","2.66","2.435","2.73","0.59","2.14","4.49","4.27","-0.44","4.71","3.595","3.87","0.55","3.32","3.75","3.62","-0.26","3.88","0.13","4.13","3.88","-0.5","4.38","3.05","3.095","2.81","3.37","-0.48","0.55","3.29","2.82","3.365","3.5","0.27","3.23","3.34","3.06","-0.56","3.62"
"1640212920901","o9n_Pkc2u","https://foodcam20.media.mit.edu/static/entities/oct9_news/f_Taylor%20Swift%20humiliates%20fan%20for%20wearing%20Trump%20shirt.png","solarflare","news","oct9_news","0.755","3.265","3.15","-0.23","3.38","2.285","2.44","0.31","2.13","3.35","3.5","0.3","3.2","3.575","3.35","-0.45","3.8","2.745","2.56","-0.37","2.93","-0.24","3.76","4.0","0.48","3.52","2.46","2.885","2.92","2.75","0.92","-0.27","2.0","3.02","3.355","3.44","0.17","3.27","2.775","2.75","-0.05","2.8"
"1640212920960","o9n_97j4e","https://foodcam20.media.mit.edu/static/entities/oct9_news/f_the%20definitve%20case%20proving%20trump%20won%20the%20election.jpg","solarflare","news","oct9_news","1.285","3.085","4.07","1.97","2.1","3.1","3.53","0.86","2.67","4.605","4.27","-0.67","4.94","3.135","2.64","-0.99","3.63","4.785","4.42","-0.73","5.15","-0.175","3.825","3.36","-0.93","4.29","3.17","3.205","2.65","4.04","-1.04","1.67","3.69","2.37","4.09","4.58","0.98","3.6","3.125","2.73","-0.79","3.52"
"1640212921079","o9n_bmIDm","https://foodcam20.media.mit.edu/static/entities/oct9_news/f_torontotoday-putins-daughter-dies.png","solarflare","news","oct9_news","0.31","2.895","3.07","0.35","2.72","2.06","2.35","0.58","1.77","4.055","3.79","-0.53","4.32","2.815","2.93","0.23","2.7","3.81","3.37","-0.88","4.25","-0.495","3.505","3.65","0.29","3.36","2.105","3.22","2.46","3.12","0.71","-0.2","1.75","3.32","4.02","4.32","0.6","3.72","2.675","2.65","-0.05","2.7"
"1640212921139","o9n_M4xtw","https://foodcam20.media.mit.edu/static/entities/oct9_news/f_Trump%20adding%20Gambini%20to%20legal%20team.png","solarflare","news","oct9_news","0.095","3.515","3.3","-0.43","3.73","2.315","2.7","0.77","1.93","3.445","3.6","0.31","3.29","3.055","3.4","0.69","2.71","3.405","3.08","-0.65","3.73","0.085","4.085","4.32","0.47","3.85","2.655","2.585","3.04","2.68","0.77","0.19","2.27","2.49","3.865","3.58","-0.57","4.15","2.84","3.19","0.7","2.49"
"1640212921199","o9n_OBwFI","https://foodcam20.media.mit.edu/static/entities/oct9_news/f_trump%20claims%20pfizer%20and%20moderna%20had%20never%20even%20heard%20of%20vaccines.jpg","solarflare","news","oct9_news","0.07","3.59","3.81","0.44","3.37","2.535","2.51","-0.05","2.56","3.685","3.49","-0.39","3.88","3.025","2.93","-0.19","3.12","3.57","3.19","-0.76","3.95","-0.455","3.545","3.35","-0.39","3.74","2.45","3.415","2.37","3.74","-0.16","0.65","2.53","3.09","3.73","3.88","0.3","3.58","2.72","2.72","0.0","2.72"
"1640212921257","o9n_IgOEc","https://foodcam20.media.mit.edu/static/entities/oct9_news/f_Trump%20does%20not%20know%20Junior.png","solarflare","news","oct9_news","0.61","3.585","3.71","0.25","3.46","2.105","2.6","0.99","1.61","3.12","3.31","0.38","2.93","2.485","2.95","0.93","2.02","2.89","3.1","0.42","2.68","-0.54","3.46","3.77","0.62","3.15","2.085","2.64","2.73","2.77","1.29","0.26","1.44","2.51","3.97","3.87","-0.2","4.07","2.21","2.79","1.16","1.63"
"1640212921315","o9n_zyOGV","https://foodcam20.media.mit.edu/static/entities/oct9_news/f_Trump%20library%20in%20Moscow.png","solarflare","news","oct9_news","0.5","3.275","3.41","0.27","3.14","2.26","2.84","1.16","1.68","3.61","3.86","0.5","3.36","2.365","2.89","1.05","1.84","3.0","3.14","0.28","2.86","-0.465","3.535","3.75","0.43","3.32","2.37","3.055","2.83","3.2","0.92","0.29","1.91","2.91","4.22","4.19","-0.06","4.25","2.705","3.36","1.31","2.05"
"1640212921376","o9n_z3Foz","https://foodcam20.media.mit.edu/static/entities/oct9_news/f_Trump%20misremembers%20Pearl%20Harbour%20attackers.png","solarflare","news","oct9_news","0.025","3.44","3.67","0.46","3.21","2.315","2.44","0.25","2.19","3.705","3.31","-0.79","4.1","3.42","3.28","-0.28","3.56","3.475","3.05","-0.85","3.9","-0.35","3.65","3.67","0.04","3.63","2.645","2.845","2.33","3.21","-0.63","0.73","2.96","2.48","3.655","3.56","-0.19","3.75","2.69","2.69","0.0","2.69"
"1640212921435","o9n_sA6G5","https://foodcam20.media.mit.edu/static/entities/oct9_news/f_Trump%20orders%20people%20to%20stop%20eating%20Chinese%20food.png","solarflare","news","oct9_news","0.225","3.81","3.51","-0.6","4.11","2.23","2.18","-0.1","2.28","2.91","3.07","0.32","2.75","2.535","2.93","0.79","2.14","3.275","3.13","-0.29","3.42","-0.465","3.535","3.49","-0.09","3.58","2.43","2.975","2.33","2.87","-0.2","-0.21","2.53","3.08","4.115","3.95","-0.33","4.28","2.47","2.69","0.44","2.25"
"1640212921558","o9n_ZFJy6","https://foodcam20.media.mit.edu/static/entities/oct9_news/f_trump%20proposes%20one%20child%20law%20for%20hispanics.jpg","solarflare","news","oct9_news","0.48","2.925","3.13","0.41","2.72","2.395","2.55","0.31","2.24","4.035","3.96","-0.15","4.11","2.63","2.82","0.38","2.44","3.02","2.98","-0.08","3.06","-0.545","3.455","3.56","0.21","3.35","2.485","3.535","2.49","3.55","0.01","0.03","2.48","3.52","4.12","4.04","-0.16","4.2","2.95","3.31","0.72","2.59"
"1640212921624","o9n_Ip0ac","https://foodcam20.media.mit.edu/static/entities/oct9_news/f_Trump%20sue%20founding%20fathers.png","solarflare","news","oct9_news","0.45","3.5","3.25","-0.5","3.75","2.165","2.29","0.25","2.04","3.45","3.88","0.86","3.02","2.525","2.71","0.37","2.34","3.05","3.29","0.48","2.81","-0.53","3.47","3.71","0.48","3.23","2.125","3.195","2.08","3.5","-0.09","0.61","2.17","2.89","4.285","4.12","-0.33","4.45","2.65","2.77","0.24","2.53"
"1640212921681","o9n_pAypa","https://foodcam20.media.mit.edu/static/entities/oct9_news/f_trump%20tells%20supreme%20court%20he%20really%20wanted%20to%20be%20president.jpg","solarflare","news","oct9_news","0.26","3.19","3.29","0.2","3.09","2.33","2.23","-0.2","2.43","3.465","3.25","-0.43","3.68","3.99","4.02","0.06","3.96","3.76","3.33","-0.86","4.19","-0.39","3.61","3.35","-0.52","3.87","2.215","2.61","1.9","2.79","-0.63","0.36","2.53","2.43","3.18","3.04","-0.28","3.32","2.42","2.31","-0.22","2.53"
"1640212921740","o9n_UpSYR","https://foodcam20.media.mit.edu/static/entities/oct9_news/f_Trump%20turns%20to%20religion.png","solarflare","news","oct9_news","0.545","3.53","3.6","0.14","3.46","2.39","2.58","0.38","2.2","3.44","3.1","-0.68","3.78","3.31","2.92","-0.78","3.7","4.045","3.72","-0.65","4.37","-0.205","3.795","3.46","-0.67","4.13","2.795","2.565","2.46","2.7","-0.67","0.27","3.13","2.43","3.395","3.44","0.09","3.35","2.7","2.66","-0.08","2.74"
"1640212921799","o9n_nJE1f","https://foodcam20.media.mit.edu/static/entities/oct9_news/f_trump%20voter%20wants%20taco%20bell%20shut%20down%20for%20being%20too%20mexican.jpg","solarflare","news","oct9_news","0.71","3.475","3.22","-0.51","3.73","2.465","2.78","0.63","2.15","3.245","3.51","0.53","2.98","3.02","3.33","0.62","2.71","2.79","2.96","0.34","2.62","-0.475","3.525","3.47","-0.11","3.58","2.475","3.165","2.78","3.39","0.61","0.45","2.17","2.94","4.275","4.2","-0.15","4.35","2.935","3.45","1.03","2.42"
"1640212921860","o9n_d2D9Q","https://foodcam20.media.mit.edu/static/entities/oct9_news/f_Trump%20xmas%20in%20jail.png","solarflare","news","oct9_news","0.78","3.69","3.73","0.08","3.65","2.275","2.4","0.25","2.15","3.835","3.62","-0.43","4.05","2.27","2.44","0.34","2.1","2.72","2.56","-0.32","2.88","-0.585","3.415","3.63","0.43","3.2","2.69","2.985","3.13","2.54","0.88","-0.89","2.25","3.43","4.365","4.0","-0.73","4.73","2.8","2.9","0.2","2.7"
"1640212921921","o9n_tDMor","https://foodcam20.media.mit.edu/static/entities/oct9_news/f_trunews-quantum-dot-tattoos.jpg","solarflare","news","oct9_news","0.06","3.31","3.55","0.48","3.07","2.555","2.8","0.49","2.31","4.19","4.32","0.26","4.06","2.615","2.71","0.19","2.52","3.44","3.77","0.66","3.11","-0.715","3.285","3.14","-0.29","3.43","2.28","3.65","2.45","3.91","0.34","0.52","2.11","3.39","4.09","4.38","0.58","3.8","2.925","2.98","0.11","2.87"
"1640212921996","o9n_GMGha","https://foodcam20.media.mit.edu/static/entities/oct9_news/f_Tucker%20Carlson%20forced%20to%20sell%20tie%20collection.png","solarflare","news","oct9_news","0.555","4.23","3.92","-0.62","4.54","2.255","2.51","0.51","2.0","2.4","2.66","0.52","2.14","2.565","2.7","0.27","2.43","2.945","2.75","-0.39","3.14","-0.33","3.67","3.61","-0.12","3.73","2.365","2.53","2.51","2.36","0.29","-0.34","2.22","2.7","4.115","3.72","-0.79","4.51","2.29","2.66","0.74","1.92"
"1640212922057","o9n_XGNUq","https://foodcam20.media.mit.edu/static/entities/oct9_news/f_vaccines-vaccinated-spread.png","solarflare","news","oct9_news","0.725","2.83","2.9","0.14","2.76","2.405","2.43","0.05","2.38","4.325","4.17","-0.31","4.48","2.81","2.55","-0.52","3.07","4.225","4.21","-0.03","4.24","-0.835","3.165","2.88","-0.57","3.45","2.095","3.725","2.0","4.07","-0.19","0.69","2.19","3.38","3.87","4.07","0.4","3.67","2.795","2.66","-0.27","2.93"
"1640212922118","o9n_tdVES","https://foodcam20.media.mit.edu/static/entities/oct9_news/f_vanguardngr-warning-facemask.jpeg","solarflare","news","oct9_news","0.335","3.145","3.31","0.33","2.98","2.58","2.54","-0.08","2.62","4.295","4.17","-0.25","4.42","3.615","3.17","-0.89","4.06","3.835","3.69","-0.29","3.98","-0.07","3.93","3.59","-0.68","4.27","2.435","3.48","2.56","3.54","0.25","0.12","2.31","3.42","3.855","4.06","0.41","3.65","2.94","2.67","-0.54","3.21"
"1640212922177","o9n_wECao","https://foodcam20.media.mit.edu/static/entities/oct9_news/f_white%20nationalists%20granted%20permit%20for%20mock%20hanging%20outside%20afro%20american%20museum.jpg","solarflare","news","oct9_news","0.01","2.93","3.04","0.22","2.82","2.4","2.48","0.16","2.32","4.505","4.75","0.49","4.26","3.255","3.48","0.45","3.03","3.49","3.56","0.14","3.42","-0.535","3.465","3.48","0.03","3.45","2.45","4.17","2.29","4.37","-0.32","0.4","2.61","3.97","3.83","3.9","0.14","3.76","2.965","3.04","0.15","2.89"
"1640212922237","o9n_k2Au4","https://foodcam20.media.mit.edu/static/entities/oct9_news/f_woman%20sues%20samsung%20for%20millions%20after%20cell%20phone%20gets%20stuck.jpg","solarflare","news","oct9_news","0.395","3.03","3.18","0.3","2.88","1.835","1.96","0.25","1.71","2.6","2.73","0.26","2.47","2.48","2.53","0.1","2.43","3.105","3.13","0.05","3.08","-0.67","3.33","3.31","-0.04","3.35","2.09","2.43","1.96","2.33","-0.26","-0.2","2.22","2.53","4.085","4.13","0.09","4.04","2.67","2.69","0.04","2.65"
"1640212922359","o9n_tgsZQ","https://foodcam20.media.mit.edu/static/entities/oct9_news/t_3%20Maryland%20counties%20plan%20to%20secede.png","solarflare","news","oct9_news","0.22","3.055","3.33","0.55","2.78","2.355","2.22","-0.27","2.49","3.84","3.46","-0.76","4.22","3.35","2.87","-0.96","3.83","3.72","3.54","-0.36","3.9","-0.35","3.65","3.59","-0.12","3.71","2.46","2.965","2.24","2.91","-0.44","-0.11","2.68","3.02","3.505","3.52","0.03","3.49","2.83","2.59","-0.48","3.07"
"1640212922419","o9n_Ox3cJ","https://foodcam20.media.mit.edu/static/entities/oct9_news/t_40%20percent%20refugees%20are%20kids.png","solarflare","news","oct9_news","0.095","2.63","2.72","0.18","2.54","2.355","2.57","0.43","2.14","4.185","4.26","0.15","4.11","4.08","4.09","0.02","4.07","3.405","3.02","-0.77","3.79","-0.235","3.765","3.6","-0.33","3.93","2.25","3.26","2.36","3.06","0.22","-0.4","2.14","3.46","2.69","3.09","0.8","2.29","2.79","2.79","0.0","2.79"
"1640212922486","o9n_SAXNe","https://foodcam20.media.mit.edu/static/entities/oct9_news/t_Arizona%20AG%20asks%20to%20block%20vax%20mandate.png","solarflare","news","oct9_news","0.58","2.905","3.22","0.63","2.59","2.64","2.64","0.0","2.64","4.14","3.8","-0.68","4.48","4.26","4.0","-0.52","4.52","4.08","3.91","-0.34","4.25","-0.065","3.935","3.49","-0.89","4.38","2.71","3.285","2.31","3.96","-0.8","1.35","3.11","2.61","2.865","3.09","0.45","2.64","2.825","3.11","0.57","2.54"
"1640212922549","o9n_aKdMB","https://foodcam20.media.mit.edu/static/entities/oct9_news/t_Biden%20administration%20recognizes%20link%20between%20climate%20change%20and%20migration.png","solarflare","news","oct9_news","0.815","3.355","2.71","-1.29","4.0","2.55","2.78","0.46","2.32","4.215","4.78","1.13","3.65","3.895","4.24","0.69","3.55","2.685","2.34","-0.69","3.03","-0.085","3.915","4.31","0.79","3.52","2.66","3.035","3.03","2.78","0.74","-0.51","2.29","3.29","3.2","2.59","-1.22","3.81","2.94","3.43","0.98","2.45"
"1640212922609","o9n_U556g","https://foodcam20.media.mit.edu/static/entities/oct9_news/t_Biden%20appoints%20a%20republican.png","solarflare","news","oct9_news","0.035","3.125","3.16","0.07","3.09","2.5","2.88","0.76","2.12","4.095","4.02","-0.15","4.17","3.525","3.82","0.59","3.23","3.535","3.12","-0.83","3.95","-0.005","3.995","4.22","0.45","3.77","3.15","2.505","3.12","2.68","-0.06","0.35","3.18","2.33","3.345","3.54","0.39","3.15","2.85","2.9","0.1","2.8"
"1640212922670","o9n_Tct6e","https://foodcam20.media.mit.edu/static/entities/oct9_news/t_biden%20backs%20compensation%20to%20illegal%20immigrants.png","solarflare","news","oct9_news","0.38","3.0","3.13","0.26","2.87","3.115","3.15","0.07","3.08","4.52","4.65","0.26","4.39","3.96","4.0","0.08","3.92","3.12","2.98","-0.28","3.26","-0.14","3.86","4.48","1.24","3.24","2.92","3.555","3.5","3.37","1.16","-0.37","2.34","3.74","3.405","3.89","0.97","2.92","3.485","3.65","0.33","3.32"
"1640212922731","o9n_ogH8R","https://foodcam20.media.mit.edu/static/entities/oct9_news/t_Biden%20creates%20climate%20plan%20B.png","solarflare","news","oct9_news","1.335","3.085","2.85","-0.47","3.32","2.695","3.0","0.61","2.39","4.035","4.27","0.47","3.8","4.11","4.2","0.18","4.02","2.165","1.82","-0.69","2.51","0.05","4.05","4.25","0.4","3.85","3.07","2.86","3.6","2.62","1.06","-0.48","2.54","3.1","2.875","2.9","0.05","2.85","3.045","3.65","1.21","2.44"
"1640212922792","o9n_Aolwk","https://foodcam20.media.mit.edu/static/entities/oct9_news/t_Biden%20defend%20Taiwan.png","solarflare","news","oct9_news","0.67","2.565","2.51","-0.11","2.62","2.9","3.04","0.28","2.76","4.82","4.62","-0.4","5.02","4.02","4.18","0.32","3.86","2.83","2.73","-0.2","2.93","0.14","4.14","4.42","0.56","3.86","2.74","3.375","3.05","3.18","0.62","-0.39","2.43","3.57","3.14","3.07","-0.14","3.21","3.425","3.87","0.89","2.98"
"1640212922852","o9n_GoG0b","https://foodcam20.media.mit.edu/static/entities/oct9_news/t_Biden%20embraces%20Trump%20policy.png","solarflare","news","oct9_news","0.125","3.15","3.0","-0.3","3.3","2.37","2.44","0.14","2.3","3.88","3.89","0.02","3.87","3.045","3.47","0.85","2.62","3.375","2.96","-0.83","3.79","-0.035","3.965","4.02","0.11","3.91","2.65","2.505","2.6","2.18","-0.1","-0.65","2.7","2.83","3.08","2.84","-0.48","3.32","2.625","2.76","0.27","2.49"
"1640212922911","o9n_snzGv","https://foodcam20.media.mit.edu/static/entities/oct9_news/t_Biden%20leaving%20Americans%20stranded%20in%20Afghanistan.png","solarflare","news","oct9_news","0.63","2.77","2.79","0.04","2.75","3.285","2.86","-0.85","3.71","4.735","4.51","-0.45","4.96","4.01","3.6","-0.82","4.42","4.13","3.63","-1.0","4.63","-0.045","3.955","3.6","-0.71","4.31","2.56","4.035","2.79","3.84","0.46","-0.39","2.33","4.23","3.185","3.35","0.33","3.02","3.3","2.98","-0.64","3.62"
"1640212922971","o9n_K9Wbu","https://foodcam20.media.mit.edu/static/entities/oct9_news/t_Biden%20more%20getaways%20than%20Trump.png","solarflare","news","oct9_news","0.29","3.52","3.09","-0.86","3.95","2.5","2.9","0.8","2.1","3.115","3.31","0.39","2.92","3.955","3.6","-0.71","4.31","3.21","2.73","-0.96","3.69","-0.025","3.975","4.1","0.25","3.85","2.44","2.535","3.06","2.56","1.24","0.05","1.82","2.51","2.895","3.41","1.03","2.38","2.305","2.74","0.87","1.87"
"1640212923033","o9n_yZ2yv","https://foodcam20.media.mit.edu/static/entities/oct9_news/t_biden%20passes%20trillion%20dollar%20infra%20bill.png","solarflare","news","oct9_news","1.215","2.87","2.78","-0.18","2.96","3.645","3.89","0.49","3.4","4.335","4.63","0.59","4.04","4.53","4.48","-0.1","4.58","2.285","2.04","-0.49","2.53","-0.025","3.975","4.39","0.83","3.56","3.315","3.045","3.83","2.96","1.03","-0.17","2.8","3.13","2.88","2.87","-0.02","2.89","3.45","3.7","0.5","3.2"
"1640212923094","o9n_GF6LK","https://foodcam20.media.mit.edu/static/entities/oct9_news/t_Biden%20poll%20numbers%20slide.png","solarflare","news","oct9_news","0.85","2.82","3.17","0.7","2.47","3.08","2.73","-0.7","3.43","4.21","4.0","-0.42","4.42","4.08","3.65","-0.86","4.51","4.35","3.98","-0.74","4.72","-0.1","3.9","3.5","-0.8","4.3","2.805","2.675","2.25","3.27","-1.11","1.19","3.36","2.08","2.645","3.23","1.17","2.06","2.77","2.52","-0.5","3.02"
"1640212923160","o9n_0bwRq","https://foodcam20.media.mit.edu/static/entities/oct9_news/t_Biden%20rule%20might%20lead%20to%20migrant%20surge.png","solarflare","news","oct9_news","0.175","2.63","2.83","0.4","2.43","2.89","2.71","-0.36","3.07","4.425","4.13","-0.59","4.72","4.12","3.46","-1.32","4.78","3.675","3.41","-0.53","3.94","-0.33","3.67","3.65","-0.04","3.69","2.205","3.585","2.37","3.08","0.33","-1.01","2.04","4.09","2.85","3.4","1.1","2.3","2.885","2.73","-0.31","3.04"
"1640212923220","o9n_6XOQS","https://foodcam20.media.mit.edu/static/entities/oct9_news/t_Biden%20says%20free%20community%20college%20is%20out%20of%20economic%20package.png","solarflare","news","oct9_news","0.565","2.945","3.11","0.33","2.78","2.91","3.21","0.6","2.61","4.2","4.29","0.18","4.11","3.905","4.0","0.19","3.81","2.935","2.43","-1.01","3.44","-0.11","3.89","4.25","0.72","3.53","3.02","3.075","3.57","3.18","1.1","0.21","2.47","2.97","3.235","3.41","0.35","3.06","3.095","3.61","1.03","2.58"
"1640212923285","o9n_bl8G5","https://foodcam20.media.mit.edu/static/entities/oct9_news/t_biden%20targets%20oil%20and%20gas%20industry.png","solarflare","news","oct9_news","0.71","2.785","2.65","-0.27","2.92","2.775","2.85","0.15","2.7","4.055","4.11","0.11","4.0","3.935","3.89","-0.09","3.98","2.79","2.33","-0.92","3.25","-0.255","3.745","3.96","0.43","3.53","2.825","2.91","3.46","2.37","1.27","-1.08","2.19","3.45","2.835","2.93","0.19","2.74","2.795","3.04","0.49","2.55"
"1640212923345","o9n_80DtH","https://foodcam20.media.mit.edu/static/entities/oct9_news/t_Biden%20wants%20to%20open%20US%20consulate%20in%20Jerusalem.png","solarflare","news","oct9_news","0.145","2.69","2.78","0.18","2.6","2.485","2.49","0.01","2.48","4.2","3.92","-0.56","4.48","3.565","3.65","0.17","3.48","3.355","3.16","-0.39","3.55","0.07","4.07","3.76","-0.62","4.38","2.9","2.81","2.75","2.67","-0.3","-0.28","3.05","2.95","3.095","2.9","-0.39","3.29","2.6","2.65","0.1","2.55"
"1640212923406","o9n_Lj02o","https://foodcam20.media.mit.edu/static/entities/oct9_news/t_Biden%20warns%20of%20US%20economy%20issues.png","solarflare","news","oct9_news","0.25","3.365","2.86","-1.01","3.87","2.43","2.77","0.68","2.09","4.04","4.27","0.46","3.81","3.125","3.23","0.21","3.02","3.25","3.07","-0.36","3.43","-0.34","3.66","4.07","0.82","3.25","2.24","3.3","2.37","3.07","0.26","-0.46","2.11","3.53","3.56","3.46","-0.2","3.66","2.675","2.95","0.55","2.4"
"1640212923466","o9n_rloc5","https://foodcam20.media.mit.edu/static/entities/oct9_news/t_Bidens%20fitness%20questioned%20after%20Afghanistan%20issues.png","solarflare","news","oct9_news","0.995","2.66","2.88","0.44","2.44","3.08","2.92","-0.32","3.24","4.415","3.63","-1.57","5.2","4.495","4.04","-0.91","4.95","4.495","4.06","-0.87","4.93","0.055","4.055","3.5","-1.11","4.61","2.55","3.31","2.08","3.4","-0.94","0.18","3.02","3.22","2.62","3.31","1.38","1.93","3.11","2.63","-0.96","3.59"
"1640212923526","o9n_leE3X","https://foodcam20.media.mit.edu/static/entities/oct9_news/t_bill%20clinton%20unwell%20to%20attend%20colin%20powells%20funeral.png","solarflare","news","oct9_news","0.13","3.37","2.96","-0.82","3.78","2.855","2.98","0.25","2.73","3.295","3.35","0.11","3.24","4.225","4.13","-0.19","4.32","3.37","3.06","-0.62","3.68","-0.23","3.77","3.78","0.02","3.76","2.35","2.605","2.43","2.78","0.16","0.35","2.27","2.43","2.815","3.04","0.45","2.59","2.69","2.76","0.14","2.62"
"1640212923646","o9n_i7Ggo","https://foodcam20.media.mit.edu/static/entities/oct9_news/t_Boston%20elects%20first%20woman%20asian%20american%20mayor.png","solarflare","news","oct9_news","0.835","2.575","2.4","-0.35","2.75","2.885","3.19","0.61","2.58","4.165","4.23","0.13","4.1","4.525","4.57","0.09","4.48","2.665","2.21","-0.91","3.12","0.37","4.37","4.51","0.28","4.23","3.555","2.355","4.11","2.51","1.11","0.31","3.0","2.2","2.575","2.45","-0.25","2.7","3.05","3.57","1.04","2.53"
"1640212923706","o9n_yEPnE","https://foodcam20.media.mit.edu/static/entities/oct9_news/t_centrist%20Democrats%20block%20Biden's%20agenda.png","solarflare","news","oct9_news","0.345","3.17","3.12","-0.1","3.22","3.025","3.03","0.01","3.02","4.15","3.95","-0.4","4.35","4.205","4.08","-0.25","4.33","3.845","3.69","-0.31","4.0","0.145","4.145","4.07","-0.15","4.22","3.085","2.955","2.56","3.46","-1.05","1.01","3.61","2.45","2.915","3.14","0.45","2.69","2.92","2.88","-0.08","2.96"
"1640212923765","o9n_nInT1","https://foodcam20.media.mit.edu/static/entities/oct9_news/t_Chicago%20employees%20challenge%20vaccine%20in%20a%20lawsuit.png","solarflare","news","oct9_news","0.59","2.665","2.94","0.55","2.39","2.7","2.75","0.1","2.65","4.21","3.96","-0.5","4.46","4.505","4.27","-0.47","4.74","4.09","3.55","-1.08","4.63","-0.035","3.965","3.82","-0.29","4.11","2.955","2.97","2.69","3.16","-0.53","0.38","3.22","2.78","2.77","3.02","0.5","2.52","3.015","3.1","0.17","2.93"
"1640212923825","o9n_XMPMk","https://foodcam20.media.mit.edu/static/entities/oct9_news/t_Colin%20Powell%20dies.png","solarflare","news","oct9_news","0.315","2.45","2.47","0.04","2.43","3.775","3.83","0.11","3.72","4.16","4.25","0.18","4.07","4.59","4.68","0.18","4.5","3.185","2.83","-0.71","3.54","0.18","4.18","4.25","0.14","4.11","2.16","3.51","2.47","3.85","0.62","0.68","1.85","3.17","2.385","2.68","0.59","2.09","3.015","3.29","0.55","2.74"
"1640212923886","o9n_NcX6i","https://foodcam20.media.mit.edu/static/entities/oct9_news/t_college%20cost%20up%20but%20not%20pay.png","solarflare","news","oct9_news","0.06","2.8","2.52","-0.56","3.08","2.585","2.6","0.03","2.57","4.29","4.5","0.42","4.08","4.28","4.48","0.4","4.08","3.44","3.29","-0.3","3.59","-0.295","3.705","3.84","0.27","3.57","2.225","3.825","2.13","3.79","-0.19","-0.07","2.32","3.86","2.965","2.79","-0.35","3.14","2.99","3.06","0.14","2.92"
"1640212923943","o9n_6cqH1","https://foodcam20.media.mit.edu/static/entities/oct9_news/t_court%20freezes%20bidens%20vax%20rule.png","solarflare","news","oct9_news","0.865","2.355","2.63","0.55","2.08","3.2","2.92","-0.56","3.48","4.855","4.69","-0.33","5.02","4.45","4.27","-0.36","4.63","4.365","3.85","-1.03","4.88","0.345","4.345","4.27","-0.15","4.42","3.395","2.855","2.79","3.4","-1.21","1.09","4.0","2.31","2.58","2.81","0.46","2.35","3.47","3.48","0.02","3.46"
"1640212924017","o9n_GFj3z","https://foodcam20.media.mit.edu/static/entities/oct9_news/t_covid%20origins%20unknown.png","solarflare","news","oct9_news","0.1","3.4","3.22","-0.36","3.58","2.655","2.69","0.07","2.62","3.735","3.8","0.13","3.67","3.53","3.62","0.18","3.44","3.4","3.2","-0.4","3.6","-0.195","3.805","3.69","-0.23","3.92","2.405","3.245","2.6","3.11","0.39","-0.27","2.21","3.38","3.255","3.22","-0.07","3.29","2.675","2.58","-0.19","2.77"
"1640212924077","o9n_3KVhy","https://foodcam20.media.mit.edu/static/entities/oct9_news/t_Democrat%20suggested%20voter%20fraud%20and%20no%20one%20called%20him%20on%20it.png","solarflare","news","oct9_news","0.365","2.94","3.25","0.62","2.63","2.32","2.48","0.32","2.16","4.04","3.75","-0.58","4.33","3.69","3.09","-1.2","4.29","3.865","3.95","0.17","3.78","-0.245","3.755","3.41","-0.69","4.1","2.575","3.305","2.52","3.55","-0.11","0.49","2.63","3.06","3.51","3.75","0.48","3.27","2.815","2.73","-0.17","2.9"
"1640212924137","o9n_vCVnh","https://foodcam20.media.mit.edu/static/entities/oct9_news/t_Democrate%20move%20towards%20billionaires%20tax.png","solarflare","news","oct9_news","0.355","3.325","3.51","0.37","3.14","2.52","3.0","0.96","2.04","3.88","4.11","0.46","3.65","3.66","3.86","0.4","3.46","3.145","3.06","-0.17","3.23","-0.16","3.84","4.35","1.02","3.33","2.635","2.85","3.22","3.12","1.17","0.54","2.05","2.58","3.0","3.25","0.5","2.75","2.59","2.92","0.66","2.26"
"1640212924197","o9n_1Y8XL","https://foodcam20.media.mit.edu/static/entities/oct9_news/t_democrats%20accused%20of%20prioritizing%20social%20spending.png","solarflare","news","oct9_news","0.475","2.99","3.3","0.62","2.68","2.785","2.74","-0.09","2.83","4.075","3.93","-0.29","4.22","3.78","3.61","-0.34","3.95","3.975","3.54","-0.87","4.41","-0.155","3.845","3.89","0.09","3.8","2.485","3.23","2.65","2.93","0.33","-0.6","2.32","3.53","3.1","3.61","1.02","2.59","3.09","2.96","-0.26","3.22"
"1640212924257","o9n_KPnfm","https://foodcam20.media.mit.edu/static/entities/oct9_news/t_democrats%20blocking%20Biden%20agenda%20represent%20nations%20poorest.png","solarflare","news","oct9_news","0.035","3.03","3.26","0.46","2.8","2.485","2.77","0.57","2.2","4.005","4.03","0.05","3.98","3.61","3.65","0.08","3.57","3.535","3.33","-0.41","3.74","-0.03","3.97","4.03","0.12","3.91","2.595","2.915","2.71","3.35","0.23","0.87","2.48","2.48","3.19","3.36","0.34","3.02","2.945","3.11","0.33","2.78"
"1640212924317","o9n_mQV3h","https://foodcam20.media.mit.edu/static/entities/oct9_news/t_democrats%20fail%20to%20help%20cannabis%20industry.png","solarflare","news","oct9_news","0.57","2.855","2.94","0.17","2.77","2.265","2.53","0.53","2.0","3.895","3.79","-0.21","4.0","3.415","3.06","-0.71","3.77","4.07","3.62","-0.9","4.52","0.08","4.08","4.08","0.0","4.08","2.46","2.685","2.38","2.7","-0.16","0.03","2.54","2.67","3.2","3.19","-0.02","3.21","2.71","2.94","0.46","2.48"
"1640212924379","o9n_rSeE1","https://foodcam20.media.mit.edu/static/entities/oct9_news/t_Dems%20having%20a%20unity%20problem.png","solarflare","news","oct9_news","0.79","3.43","3.48","0.1","3.38","2.6","2.45","-0.3","2.75","3.98","3.79","-0.38","4.17","4.21","4.09","-0.24","4.33","4.29","3.87","-0.84","4.71","0.075","4.075","3.86","-0.43","4.29","2.685","2.76","2.16","3.14","-1.05","0.76","3.21","2.38","3.075","3.32","0.49","2.83","2.79","2.43","-0.72","3.15"
"1640212924440","o9n_2rGZI","https://foodcam20.media.mit.edu/static/entities/oct9_news/t_executive%20order%20to%20alleviate%20California%20port%20congestion.png","solarflare","news","oct9_news","0.855","3.015","3.0","-0.03","3.03","2.95","3.28","0.66","2.62","4.5","4.7","0.4","4.3","4.205","4.36","0.31","4.05","2.645","2.34","-0.61","2.95","0.3","4.3","4.3","0.0","4.3","3.115","2.575","3.26","2.74","0.29","0.33","2.97","2.41","2.88","3.06","0.36","2.7","3.05","3.34","0.58","2.76"
"1640212924501","o9n_TBuDN","https://foodcam20.media.mit.edu/static/entities/oct9_news/t_facebook%20to%20settle%20discrimination%20claims.png","solarflare","news","oct9_news","0.38","2.865","3.2","0.67","2.53","2.27","2.67","0.8","1.87","4.22","4.15","-0.14","4.29","3.86","3.93","0.14","3.79","3.12","2.48","-1.28","3.76","0.075","4.075","4.2","0.25","3.95","3.06","2.905","3.2","3.15","0.28","0.49","2.92","2.66","3.125","3.67","1.09","2.58","3.0","3.24","0.48","2.76"
"1640212924560","o9n_JAWEa","https://foodcam20.media.mit.edu/static/entities/oct9_news/t_first%20X%20gender%20passport%20in%20USA.png","solarflare","news","oct9_news","0.745","3.15","3.4","0.5","2.9","2.705","2.69","-0.03","2.72","3.905","4.15","0.49","3.66","4.195","4.03","-0.33","4.36","2.755","2.85","0.19","2.66","-0.255","3.745","4.35","1.21","3.14","2.495","3.165","3.15","2.81","1.31","-0.71","1.84","3.52","3.04","3.24","0.4","2.84","2.825","3.05","0.45","2.6"
"1640212924620","o9n_svJNR","https://foodcam20.media.mit.edu/static/entities/oct9_news/t_fossil%20fuel%20industry%20has%20largest%20delegation%20at%20climate%20summit.png","solarflare","news","oct9_news","0.085","3.145","2.89","-0.51","3.4","2.435","2.72","0.57","2.15","4.055","4.23","0.35","3.88","3.665","3.93","0.53","3.4","3.415","3.28","-0.27","3.55","-0.255","3.745","3.82","0.15","3.67","2.63","3.18","2.81","3.56","0.36","0.76","2.45","2.8","3.235","3.32","0.17","3.15","2.82","3.11","0.58","2.53"
"1640212924680","o9n_JhYwm","https://foodcam20.media.mit.edu/static/entities/oct9_news/t_Gaetz%20cannot%20practice%20law%20in%20Florida%20now.png","solarflare","news","oct9_news","0.9","2.665","2.63","-0.07","2.7","2.655","2.9","0.49","2.41","4.195","4.32","0.25","4.07","4.165","4.63","0.93","3.7","2.6","2.42","-0.36","2.78","-0.41","3.59","3.96","0.74","3.22","2.595","3.265","3.06","3.55","0.93","0.57","2.13","2.98","2.87","2.72","-0.3","3.02","2.855","3.32","0.93","2.39"
"1640212924741","o9n_63yRR","https://foodcam20.media.mit.edu/static/entities/oct9_news/t_Gates%20foundation%20money%20for%20COVID%20pills%20to%20poor%20countries.png","solarflare","news","oct9_news","0.85","2.88","2.6","-0.56","3.16","2.605","2.94","0.67","2.27","4.445","4.75","0.61","4.14","4.225","4.13","-0.19","4.32","2.65","2.19","-0.92","3.11","-0.065","3.935","4.33","0.79","3.54","3.46","2.605","3.92","2.4","0.92","-0.41","3.0","2.81","2.995","2.69","-0.61","3.3","3.01","3.37","0.72","2.65"
"1640212924799","o9n_RXkkg","https://foodcam20.media.mit.edu/static/entities/oct9_news/t_Germany%20named%20best%20country%20in%20the%20world.png","solarflare","news","oct9_news","0.255","3.5","3.41","-0.18","3.59","2.23","2.39","0.32","2.07","3.465","3.39","-0.15","3.54","3.345","3.67","0.65","3.02","3.245","3.08","-0.33","3.41","-0.3","3.7","3.74","0.08","3.66","2.4","2.735","2.58","2.52","0.36","-0.43","2.22","2.95","3.41","3.06","-0.7","3.76","2.635","2.59","-0.09","2.68"
"1640212924856","o9n_uN9tm","https://foodcam20.media.mit.edu/static/entities/oct9_news/t_GOP%20calls%20for%20Fauci%20resignation.png","solarflare","news","oct9_news","0.485","3.105","3.33","0.45","2.88","2.8","2.91","0.22","2.69","4.405","4.16","-0.49","4.65","3.69","3.19","-1.0","4.19","3.985","3.55","-0.87","4.42","-0.185","3.815","3.38","-0.87","4.25","2.86","2.905","2.45","3.29","-0.82","0.77","3.27","2.52","3.165","3.79","1.25","2.54","2.84","2.6","-0.48","3.08"
"1640212924916","o9n_JWYXs","https://foodcam20.media.mit.edu/static/entities/oct9_news/t_gun%20control%20advocate%20dies.png","solarflare","news","oct9_news","0.165","2.995","3.21","0.43","2.78","2.305","2.63","0.65","1.98","3.69","3.68","-0.02","3.7","4.14","4.28","0.28","4.0","3.335","3.34","0.01","3.33","-0.14","3.86","4.07","0.42","3.65","2.275","2.83","2.48","2.83","0.41","0.0","2.07","2.83","2.885","3.1","0.43","2.67","2.58","2.9","0.64","2.26"
"1640212924976","o9n_SX1RP","https://foodcam20.media.mit.edu/static/entities/oct9_news/t_haley%20calls%20for%20cognitive%20test%20for%20older%20politicians.png","solarflare","news","oct9_news","0.185","3.155","3.49","0.67","2.82","2.8","3.27","0.94","2.33","4.215","4.12","-0.19","4.31","3.805","3.61","-0.39","4.0","3.685","2.93","-1.51","4.44","-0.065","3.935","4.0","0.13","3.87","3.03","2.975","2.98","3.49","-0.1","1.03","3.08","2.46","3.285","3.78","0.99","2.79","3.085","3.17","0.17","3.0"
"1640212925038","o9n_gK1Nm","https://foodcam20.media.mit.edu/static/entities/oct9_news/t_Judge%20to%20hear%20Trumps%20case%20against%20Jan%206%20committee.png","solarflare","news","oct9_news","0.3","2.955","2.91","-0.09","3.0","2.95","3.33","0.76","2.57","4.435","4.83","0.79","4.04","4.2","4.57","0.74","3.83","3.2","2.78","-0.84","3.62","-0.12","3.88","4.31","0.86","3.45","3.0","2.705","3.45","2.81","0.9","0.21","2.55","2.6","2.94","3.03","0.18","2.85","3.05","3.31","0.52","2.79"
"1640212925101","o9n_beRAr","https://foodcam20.media.mit.edu/static/entities/oct9_news/t_justice%20dept%20sues%20Texas%20over%20voting%20law.png","solarflare","news","oct9_news","0.725","2.98","3.06","0.16","2.9","2.84","2.94","0.2","2.74","4.13","3.98","-0.3","4.28","3.895","3.65","-0.49","4.14","2.775","2.61","-0.33","2.94","-0.13","3.87","4.24","0.74","3.5","2.6","3.03","3.04","2.88","0.88","-0.3","2.16","3.18","2.91","2.96","0.1","2.86","2.9","3.08","0.36","2.72"
"1640212925162","o9n_KlWOX","https://foodcam20.media.mit.edu/static/entities/oct9_news/t_Kamala%20engages%20with%20heckler.png","solarflare","news","oct9_news","0.075","3.045","3.04","-0.01","3.05","2.38","2.58","0.4","2.18","3.48","3.73","0.5","3.23","4.31","4.27","-0.08","4.35","3.425","3.07","-0.71","3.78","-0.245","3.755","3.93","0.35","3.58","2.41","2.65","2.67","2.87","0.52","0.44","2.15","2.43","3.03","3.31","0.56","2.75","2.745","3.02","0.55","2.47"
"1640212925222","o9n_oRtJ0","https://foodcam20.media.mit.edu/static/entities/oct9_news/t_Levine%20transgender%20officer.png","solarflare","news","oct9_news","0.625","3.315","3.14","-0.35","3.49","2.675","2.98","0.61","2.37","3.715","4.34","1.25","3.09","4.275","4.25","-0.05","4.3","2.875","2.59","-0.57","3.16","0.085","4.085","4.36","0.55","3.81","2.94","2.45","3.55","2.39","1.22","-0.12","2.33","2.51","3.15","3.32","0.34","2.98","2.88","3.39","1.02","2.37"
"1640212925282","o9n_VOfN3","https://foodcam20.media.mit.edu/static/entities/oct9_news/t_Maine%20passes%20right%20to%20food.png","solarflare","news","oct9_news","0.46","2.96","2.77","-0.38","3.15","2.49","2.96","0.94","2.02","4.195","4.43","0.47","3.96","3.775","3.64","-0.27","3.91","3.04","2.45","-1.18","3.63","0.315","4.315","4.3","-0.03","4.33","3.57","2.485","3.83","2.49","0.52","0.01","3.31","2.48","3.18","3.21","0.06","3.15","3.245","3.51","0.53","2.98"
"1640212925341","o9n_clRuX","https://foodcam20.media.mit.edu/static/entities/oct9_news/t_marjories%20taylor%20fines%20for%20not%20wearing%20masks.png","solarflare","news","oct9_news","0.735","3.47","3.62","0.3","3.32","2.595","2.89","0.59","2.3","3.3","3.25","-0.1","3.35","4.165","4.31","0.29","4.02","2.765","2.42","-0.69","3.11","-0.37","3.63","3.49","-0.28","3.77","2.4","2.88","2.4","2.71","0.0","-0.34","2.4","3.05","3.09","2.85","-0.48","3.33","2.41","2.42","0.02","2.4"
"1640212925402","o9n_7omln","https://foodcam20.media.mit.edu/static/entities/oct9_news/t_migrant%20caravan%20headed%20to%20US%20border.png","solarflare","news","oct9_news","0.115","2.86","2.93","0.14","2.79","3.35","3.24","-0.22","3.46","4.575","4.38","-0.39","4.77","4.095","3.69","-0.81","4.5","3.385","3.6","0.43","3.17","-0.16","3.84","3.76","-0.16","3.92","2.4","3.9","2.4","3.78","0.0","-0.24","2.4","4.02","3.23","3.67","0.88","2.79","3.285","3.07","-0.43","3.5"
"1640212925466","o9n_BEAik","https://foodcam20.media.mit.edu/static/entities/oct9_news/t_military%20jury%20disgusted%20by%20cia%20torture.png","solarflare","news","oct9_news","0.41","2.815","3.04","0.45","2.59","2.32","2.64","0.64","2.0","4.26","4.25","-0.02","4.27","3.785","3.55","-0.47","4.02","3.09","2.89","-0.4","3.29","-0.25","3.75","3.81","0.12","3.69","2.515","3.42","2.85","3.6","0.67","0.36","2.18","3.24","3.405","3.38","-0.05","3.43","2.945","3.42","0.95","2.47"
"1640212925526","o9n_brsI3","https://foodcam20.media.mit.edu/static/entities/oct9_news/t_most%20republicans%20say%20climate%20change%20not%20emergency.png","solarflare","news","oct9_news","0.84","2.9","2.88","-0.04","2.92","3.16","3.12","-0.08","3.2","4.46","4.57","0.22","4.35","4.095","4.39","0.59","3.8","2.66","2.18","-0.96","3.14","-0.235","3.765","3.82","0.11","3.71","2.795","3.51","2.67","4.0","-0.25","0.98","2.92","3.02","3.265","3.08","-0.37","3.45","2.99","3.1","0.22","2.88"
"1640212925585","o9n_jXuPe","https://foodcam20.media.mit.edu/static/entities/oct9_news/t_NYC%20vaccine%20mandate.png","solarflare","news","oct9_news","0.735","2.805","2.67","-0.27","2.94","3.47","3.63","0.32","3.31","4.65","4.75","0.2","4.55","4.455","4.69","0.47","4.22","2.765","2.35","-0.83","3.18","0.13","4.13","4.44","0.62","3.82","3.095","3.38","3.54","2.94","0.89","-0.88","2.65","3.82","2.935","2.69","-0.49","3.18","3.075","3.27","0.39","2.88"
"1640212925646","o9n_GBLfW","https://foodcam20.media.mit.edu/static/entities/oct9_news/t_Obama%20denounces%20Trump%20GOP%20for%20hostility%20towards%20climate%20science.png","solarflare","news","oct9_news","0.785","3.17","2.68","-0.98","3.66","2.92","2.82","-0.2","3.02","4.06","4.39","0.66","3.73","4.045","4.0","-0.09","4.09","2.715","2.34","-0.75","3.09","0.205","4.205","4.57","0.73","3.84","3.125","3.06","3.3","2.48","0.35","-1.16","2.95","3.64","3.365","3.0","-0.73","3.73","3.07","3.09","0.04","3.05"
"1640212925706","o9n_m36jw","https://foodcam20.media.mit.edu/static/entities/oct9_news/t_Omar%20says%20Democrats%20not%20nixing%20filibuster%20are%20killing%20democracy.png","solarflare","news","oct9_news","0.145","3.28","2.79","-0.98","3.77","2.72","2.58","-0.28","2.86","4.14","4.19","0.1","4.09","4.015","3.73","-0.57","4.3","3.355","3.06","-0.59","3.65","-0.375","3.625","3.58","-0.09","3.67","2.635","3.325","2.48","2.98","-0.31","-0.69","2.79","3.67","3.39","3.13","-0.52","3.65","2.79","2.65","-0.28","2.93"
"1640212925766","o9n_sSvpY","https://foodcam20.media.mit.edu/static/entities/oct9_news/t_Pelosi%20delays%20bill%20in%20defeat%20for%20democrats.png","solarflare","news","oct9_news","0.115","3.31","3.04","-0.54","3.58","2.865","2.85","-0.03","2.88","4.085","4.04","-0.09","4.13","3.845","3.92","0.15","3.77","3.615","3.65","0.07","3.58","-0.22","3.78","3.77","-0.02","3.79","2.49","2.99","2.42","3.08","-0.14","0.18","2.56","2.9","3.165","3.08","-0.17","3.25","2.72","2.71","-0.02","2.73"
"1640212925829","o9n_eyGn7","https://foodcam20.media.mit.edu/static/entities/oct9_news/t_pence%20defied%20trump%20out%20of%20duty.png","solarflare","news","oct9_news","0.435","3.04","3.23","0.38","2.85","2.905","2.92","0.03","2.89","3.915","3.96","0.09","3.87","3.885","3.77","-0.23","4.0","3.065","2.83","-0.47","3.3","-0.04","3.96","4.15","0.38","3.77","2.83","2.915","3.17","2.77","0.68","-0.29","2.49","3.06","3.155","3.42","0.53","2.89","2.935","3.0","0.13","2.87"
"1640212925891","o9n_Oo736","https://foodcam20.media.mit.edu/static/entities/oct9_news/t_pennState%20blasted%20for%20antiracism%20in%20job%20desc.png","solarflare","news","oct9_news","0.245","2.88","2.91","0.06","2.85","2.435","2.63","0.39","2.24","4.0","3.93","-0.14","4.07","3.63","3.65","0.04","3.61","3.255","3.4","0.29","3.11","-0.19","3.81","3.95","0.28","3.67","2.26","3.065","2.37","3.09","0.22","0.05","2.15","3.04","3.355","3.28","-0.15","3.43","2.815","2.93","0.23","2.7"
"1640212925950","o9n_9bSpY","https://foodcam20.media.mit.edu/static/entities/oct9_news/t_politico%20calls%20out%20Biden%20for%20not%20doing%20interviews.png","solarflare","news","oct9_news","0.505","3.145","3.35","0.41","2.94","2.875","3.06","0.37","2.69","3.875","3.61","-0.53","4.14","3.845","3.47","-0.75","4.22","4.005","3.45","-1.11","4.56","-0.275","3.725","4.06","0.67","3.39","2.515","3.075","2.59","3.12","0.15","0.09","2.44","3.03","2.945","3.45","1.01","2.44","2.915","2.94","0.05","2.89"
"1640212926015","o9n_HXsUx","https://foodcam20.media.mit.edu/static/entities/oct9_news/t_pope%20called%20biden%20a%20good%20catholic.png","solarflare","news","oct9_news","0.91","3.175","3.15","-0.05","3.2","3.035","3.01","-0.05","3.06","3.715","3.66","-0.11","3.77","4.04","4.34","0.6","3.74","2.59","2.21","-0.76","2.97","-0.245","3.755","4.0","0.49","3.51","2.83","2.765","3.29","2.24","0.92","-1.05","2.37","3.29","3.18","3.19","0.02","3.17","2.655","2.57","-0.17","2.74"
"1640212926076","o9n_gh1Fo","https://foodcam20.media.mit.edu/static/entities/oct9_news/t_record%20southern%20border%20arrests%20in%20USA.png","solarflare","news","oct9_news","0.51","2.715","2.91","0.39","2.52","3.14","2.97","-0.34","3.31","4.435","4.16","-0.55","4.71","4.23","3.86","-0.74","4.6","4.01","3.52","-0.98","4.5","-0.155","3.845","3.9","0.11","3.79","2.87","3.345","2.74","3.5","-0.26","0.31","3.0","3.19","3.24","3.6","0.72","2.88","2.995","3.09","0.19","2.9"
"1640212926136","o9n_LxSfY","https://foodcam20.media.mit.edu/static/entities/oct9_news/t_registered%20republicans%20overtake%20dems%20in%20florida.png","solarflare","news","oct9_news","1.285","3.095","3.29","0.39","2.9","2.76","2.9","0.28","2.62","4.14","4.12","-0.04","4.16","4.25","3.9","-0.7","4.6","4.785","4.33","-0.91","5.24","0.145","4.145","3.75","-0.79","4.54","3.295","2.81","2.73","3.2","-1.13","0.78","3.86","2.42","3.135","3.43","0.59","2.84","3.0","2.78","-0.44","3.22"
"1640212926196","o9n_vxtcj","https://foodcam20.media.mit.edu/static/entities/oct9_news/t_republicans%20break%20filibuster.png","solarflare","news","oct9_news","0.82","2.94","2.72","-0.44","3.16","2.765","2.91","0.29","2.62","4.215","4.23","0.03","4.2","3.91","3.64","-0.54","4.18","2.68","2.36","-0.64","3.0","0.095","4.095","4.47","0.75","3.72","2.8","2.57","3.6","2.26","1.6","-0.62","2.0","2.88","2.965","3.19","0.45","2.74","2.77","2.96","0.38","2.58"
"1640212926257","o9n_d3ERd","https://foodcam20.media.mit.edu/static/entities/oct9_news/t_republicans%20embrace%20Trump%20not%20pay%20debts.png","solarflare","news","oct9_news","0.1","3.28","2.96","-0.64","3.6","2.085","2.38","0.59","1.79","3.985","4.18","0.39","3.79","2.81","3.48","1.34","2.14","3.4","3.3","-0.2","3.5","-0.44","3.56","3.48","-0.16","3.64","1.965","3.565","2.1","3.94","0.27","0.75","1.83","3.19","3.85","3.44","-0.82","4.26","2.625","2.96","0.67","2.29"
"1640212926319","o9n_vtZNd","https://foodcam20.media.mit.edu/static/entities/oct9_news/t_republicans%20voted%20for%20Biden's%20bill.png","solarflare","news","oct9_news","1.165","3.04","3.12","0.16","2.96","2.96","3.03","0.14","2.89","4.255","4.16","-0.19","4.35","4.135","3.83","-0.61","4.44","2.335","2.29","-0.09","2.38","-0.285","3.715","4.05","0.67","3.38","2.91","3.12","3.57","2.59","1.32","-1.06","2.25","3.65","2.885","2.93","0.09","2.84","2.88","3.16","0.56","2.6"
"1640212926379","o9n_gWIAb","https://foodcam20.media.mit.edu/static/entities/oct9_news/t_SC%20justices%20skeptical%20of%20Texas%20abortion%20law.png","solarflare","news","oct9_news","0.01","2.76","2.95","0.38","2.57","2.865","3.2","0.67","2.53","4.315","4.27","-0.09","4.36","4.18","3.98","-0.4","4.38","3.51","3.25","-0.52","3.77","-0.015","3.985","4.2","0.43","3.77","2.94","3.135","3.24","3.36","0.6","0.45","2.64","2.91","3.025","3.14","0.23","2.91","2.955","3.02","0.13","2.89"
"1640212926441","o9n_0ekSv","https://foodcam20.media.mit.edu/static/entities/oct9_news/t_SC%20takes%20case%20on%20whether%20officers%20can%20be%20sued%20for%20excess%20force.png","solarflare","news","oct9_news","0.46","3.08","2.93","-0.3","3.23","2.555","2.86","0.61","2.25","4.415","4.48","0.13","4.35","4.05","4.07","0.04","4.03","3.04","2.98","-0.12","3.1","-0.005","3.995","4.39","0.79","3.6","2.77","2.93","3.07","2.89","0.6","-0.08","2.47","2.97","3.18","3.13","-0.1","3.23","2.75","3.0","0.5","2.5"
"1640212926501","o9n_u7J75","https://foodcam20.media.mit.edu/static/entities/oct9_news/t_service%20members%20refuse%20covid%20shot.png","solarflare","news","oct9_news","0.445","2.485","2.55","0.13","2.42","2.52","2.88","0.72","2.16","4.33","4.22","-0.22","4.44","4.21","3.98","-0.46","4.44","3.945","3.45","-0.99","4.44","0.075","4.075","3.88","-0.39","4.27","2.88","3.08","2.6","3.52","-0.56","0.88","3.16","2.64","2.665","2.91","0.49","2.42","3.125","3.14","0.03","3.11"
"1640212926561","o9n_1NzgH","https://foodcam20.media.mit.edu/static/entities/oct9_news/t_Sinema%20earns%20republican%20respect.png","solarflare","news","oct9_news","0.535","2.965","3.19","0.45","2.74","2.665","2.86","0.39","2.47","3.835","3.67","-0.33","4.0","4.035","4.28","0.49","3.79","4.035","3.67","-0.73","4.4","-0.03","3.97","3.89","-0.16","4.05","3.05","2.93","2.77","3.19","-0.56","0.52","3.33","2.67","3.075","2.94","-0.27","3.21","3.04","3.22","0.36","2.86"
"1640212926621","o9n_ptyNi","https://foodcam20.media.mit.edu/static/entities/oct9_news/t_states%20sue%20Biden%20for%20stopping%20border%20wall.png","solarflare","news","oct9_news","0.535","2.645","2.9","0.51","2.39","2.865","2.95","0.17","2.78","4.365","4.12","-0.49","4.61","4.11","3.79","-0.64","4.43","4.035","3.55","-0.97","4.52","0.19","4.19","3.86","-0.66","4.52","2.86","3.37","2.5","3.67","-0.72","0.6","3.22","3.07","2.92","3.1","0.36","2.74","3.16","3.1","-0.12","3.22"
"1640212926681","o9n_MQc6b","https://foodcam20.media.mit.edu/static/entities/oct9_news/t_students%20mental%20health%20plan.png","solarflare","news","oct9_news","0.82","3.05","2.72","-0.66","3.38","2.635","2.84","0.41","2.43","4.195","4.29","0.19","4.1","3.885","4.17","0.57","3.6","2.68","2.21","-0.94","3.15","0.075","4.075","4.47","0.79","3.68","3.34","2.755","3.6","2.48","0.52","-0.55","3.08","3.03","3.25","3.0","-0.5","3.5","3.15","3.47","0.64","2.83"
"1640212926742","o9n_r7uW6","https://foodcam20.media.mit.edu/static/entities/oct9_news/t_taxpayers%20pay%20for%20Blasios%20trip.png","solarflare","news","oct9_news","0.11","3.505","3.16","-0.69","3.85","2.24","2.52","0.56","1.96","3.855","3.88","0.05","3.83","3.88","3.91","0.06","3.85","3.61","3.34","-0.54","3.88","-0.42","3.58","3.93","0.7","3.23","2.23","3.05","2.5","2.93","0.54","-0.24","1.96","3.17","3.245","3.59","0.69","2.9","2.42","2.59","0.34","2.25"
"1640212926803","o9n_DDWYe","https://foodcam20.media.mit.edu/static/entities/oct9_news/t_teachers%20sue%20over%20Oklahomas%20ban%20on%20CRT.png","solarflare","news","oct9_news","0.415","2.895","2.96","0.13","2.83","2.74","2.91","0.34","2.57","4.195","4.28","0.17","4.11","3.925","4.17","0.49","3.68","3.085","2.68","-0.81","3.49","-0.205","3.795","4.02","0.45","3.57","2.765","2.955","2.83","3.04","0.13","0.17","2.7","2.87","2.83","3.15","0.64","2.51","2.955","3.21","0.51","2.7"
"1640212926863","o9n_3wQXI","https://foodcam20.media.mit.edu/static/entities/oct9_news/t_Texas%20abortion%20ban%20upheld%20by%20federal%20appeals%20court.png","solarflare","news","oct9_news","0.295","2.49","2.88","0.78","2.1","3.375","3.63","0.51","3.12","4.585","4.38","-0.41","4.79","4.43","4.4","-0.06","4.46","3.795","3.42","-0.75","4.17","-0.19","3.81","3.7","-0.22","3.92","2.905","3.255","2.62","4.03","-0.57","1.55","3.19","2.48","2.695","2.77","0.15","2.62","2.875","3.17","0.59","2.58"
"1640212926920","o9n_XY074","https://foodcam20.media.mit.edu/static/entities/oct9_news/t_Texas%20congressional%20maps.png","solarflare","news","oct9_news","0.04","3.28","3.18","-0.2","3.38","2.64","2.9","0.52","2.38","4.18","4.31","0.26","4.05","4.06","3.98","-0.16","4.14","3.54","3.18","-0.72","3.9","-0.205","3.795","3.76","-0.07","3.83","2.45","3.205","2.45","3.53","0.0","0.65","2.45","2.88","3.155","3.12","-0.07","3.19","2.835","2.98","0.29","2.69"
"1640212926980","o9n_fAJZM","https://foodcam20.media.mit.edu/static/entities/oct9_news/t_truckers%20exempt%20from%20Bidens%20vax%20mandate.png","solarflare","news","oct9_news","0.225","2.55","2.98","0.86","2.12","2.365","2.68","0.63","2.05","4.28","4.09","-0.38","4.47","3.48","3.59","0.22","3.37","3.725","3.47","-0.51","3.98","0.185","4.185","4.09","-0.19","4.28","2.88","2.64","2.88","2.95","0.0","0.62","2.88","2.33","3.005","3.41","0.81","2.6","2.91","2.8","-0.22","3.02"
"1640212927044","o9n_KWUaR","https://foodcam20.media.mit.edu/static/entities/oct9_news/t_trump%20allies%20discuss%20election%20fraud%20claims.png","solarflare","news","oct9_news","0.37","2.865","3.26","0.79","2.47","2.825","3.0","0.35","2.65","4.355","4.62","0.53","4.09","3.915","4.11","0.39","3.72","3.13","3.0","-0.26","3.26","-0.385","3.615","3.79","0.35","3.44","2.605","3.18","2.91","3.43","0.61","0.5","2.3","2.93","3.36","3.53","0.34","3.19","2.985","3.11","0.25","2.86"
"1640212927164","o9n_GaLoT","https://foodcam20.media.mit.edu/static/entities/oct9_news/t_Trump%20did%20not%20intend%20to%20attack%20Chinese.png","solarflare","news","oct9_news","0.035","2.96","2.81","-0.3","3.11","2.625","2.9","0.55","2.35","4.435","4.52","0.17","4.35","3.85","3.92","0.14","3.78","3.465","3.42","-0.09","3.51","-0.505","3.495","3.75","0.51","3.24","2.38","3.235","2.46","3.25","0.16","0.03","2.3","3.22","3.1","3.12","0.04","3.08","2.56","2.69","0.26","2.43"
"1640212927224","o9n_kLSc3","https://foodcam20.media.mit.edu/static/entities/oct9_news/t_trump%20russia%20dosier%20analyst%20charged%20with%20lying.png","solarflare","news","oct9_news","0.48","2.88","3.23","0.7","2.53","3.055","3.17","0.23","2.94","4.26","4.34","0.16","4.18","3.865","4.11","0.49","3.62","3.02","2.36","-1.32","3.68","0.005","4.005","4.13","0.25","3.88","2.69","3.01","3.0","3.34","0.62","0.66","2.38","2.68","2.995","3.02","0.05","2.97","3.07","3.26","0.38","2.88"
"1640212927284","o9n_TAwqp","https://foodcam20.media.mit.edu/static/entities/oct9_news/t_Trump%20urges%20investigation%20t%20slow%20down.png","solarflare","news","oct9_news","0.105","2.985","2.69","-0.59","3.28","2.975","3.13","0.31","2.82","4.095","4.06","-0.07","4.13","4.57","4.76","0.38","4.38","3.395","3.17","-0.45","3.62","-0.295","3.705","3.44","-0.53","3.97","2.17","3.375","1.85","3.78","-0.64","0.81","2.49","2.97","2.73","2.43","-0.6","3.03","2.63","2.52","-0.22","2.74"
"1640212927346","o9n_bTDfh","https://foodcam20.media.mit.edu/static/entities/oct9_news/t_Trump%20wins%20Ohio%20primary.png","solarflare","news","oct9_news","1.01","3.025","3.46","0.87","2.59","2.55","2.71","0.32","2.39","4.14","3.75","-0.78","4.53","3.86","3.31","-1.1","4.41","4.51","3.88","-1.26","5.14","0.17","4.17","3.87","-0.6","4.47","3.115","2.655","2.56","3.0","-1.11","0.69","3.67","2.31","3.17","3.67","1.0","2.67","2.775","2.67","-0.21","2.88"
"1640212927407","o9n_k8Rf3","https://foodcam20.media.mit.edu/static/entities/oct9_news/t_truth%20social%20network%20by%20Trump.png","solarflare","news","oct9_news","0.555","3.155","3.76","1.21","2.55","3.125","3.14","0.03","3.11","4.015","3.69","-0.65","4.34","4.005","3.65","-0.71","4.36","4.055","3.18","-1.75","4.93","0.125","4.125","3.73","-0.79","4.52","3.175","2.88","2.92","3.51","-0.51","1.26","3.43","2.25","3.025","3.53","1.01","2.52","3.065","2.9","-0.33","3.23"
"1640212927466","o9n_MqOLv","https://foodcam20.media.mit.edu/static/entities/oct9_news/t_US%20ambassador%20backs%20security%20assistance%20to%20Taiwan.png","solarflare","news","oct9_news","0.665","3.07","2.96","-0.22","3.18","2.44","2.48","0.08","2.4","3.81","3.76","-0.1","3.86","3.865","4.11","0.49","3.62","2.835","2.59","-0.49","3.08","-0.26","3.74","3.78","0.08","3.7","2.8","2.68","2.74","2.7","-0.12","0.04","2.86","2.66","2.985","2.83","-0.31","3.14","2.72","2.74","0.04","2.7"
"1640212927528","o9n_66p7B","https://foodcam20.media.mit.edu/static/entities/oct9_news/t_US%20deficit%202nd%20largest.png","solarflare","news","oct9_news","0.07","2.88","2.98","0.2","2.78","2.86","2.54","-0.64","3.18","4.645","4.39","-0.51","4.9","4.49","4.2","-0.58","4.78","3.57","3.49","-0.16","3.65","-0.155","3.845","3.98","0.27","3.71","2.2","3.875","2.44","3.34","0.48","-1.07","1.96","4.41","2.82","2.93","0.22","2.71","2.84","2.93","0.18","2.75"
"1640212927587","o9n_FRVQT","https://foodcam20.media.mit.edu/static/entities/oct9_news/t_US%20kills%20senior%20al%20Qaeda%20leader%20in%20Syria%20airstrike.png","solarflare","news","oct9_news","0.25","2.645","2.76","0.23","2.53","2.69","2.94","0.5","2.44","4.5","4.7","0.4","4.3","3.99","4.31","0.64","3.67","3.25","2.8","-0.9","3.7","0.415","4.415","4.44","0.05","4.39","3.235","2.515","3.31","2.87","0.15","0.71","3.16","2.16","2.605","2.67","0.13","2.54","3.11","3.5","0.78","2.72"
"1640212927647","o9n_LofXh","https://foodcam20.media.mit.edu/static/entities/oct9_news/t_US%20to%20use%20Pak%20airspace%20for%20military%20operations.png","solarflare","news","oct9_news","0.265","3.04","2.92","-0.24","3.16","2.17","2.5","0.66","1.84","4.065","3.75","-0.63","4.38","3.465","3.42","-0.09","3.51","3.235","3.04","-0.39","3.43","-0.045","3.955","3.77","-0.37","4.14","2.605","2.9","2.62","2.77","0.03","-0.26","2.59","3.03","3.315","3.25","-0.13","3.38","2.66","2.73","0.14","2.59"
"1640212927707","o9n_DzzHm","https://foodcam20.media.mit.edu/static/entities/oct9_news/t_USA%20rejoins%20UNHRC.png","solarflare","news","oct9_news","0.9","2.95","2.85","-0.2","3.05","2.54","2.87","0.66","2.21","4.165","4.42","0.51","3.91","4.18","4.27","0.18","4.09","2.6","2.27","-0.66","2.93","0.025","4.025","4.21","0.37","3.84","2.94","2.59","3.81","2.65","1.74","0.12","2.07","2.53","2.775","3.04","0.53","2.51","2.795","3.29","0.99","2.3"
"1640212927766","o9n_SK1yE","https://foodcam20.media.mit.edu/static/entities/oct9_news/t_vaccinated%20senators%20positive%20for%20covid.png","solarflare","news","oct9_news","0.055","3.22","3.26","0.08","3.18","2.505","2.72","0.43","2.29","4.12","4.12","0.0","4.12","4.445","4.54","0.19","4.35","3.445","3.22","-0.45","3.67","-0.055","3.945","4.2","0.51","3.69","2.27","3.025","2.48","3.54","0.42","1.03","2.06","2.51","2.93","2.96","0.06","2.9","2.875","3.18","0.61","2.57"
"1640212927827","o9n_gd3Rf","https://foodcam20.media.mit.edu/static/entities/oct9_news/t_Virginia%20governor%20will%20welcome%20Maryland%20counties.png","solarflare","news","oct9_news","0.56","3.17","3.27","0.2","3.07","2.215","2.25","0.07","2.18","3.875","3.9","0.05","3.85","3.345","3.54","0.39","3.15","4.06","3.79","-0.54","4.33","-0.125","3.875","3.73","-0.29","4.02","2.365","2.475","2.24","2.73","-0.25","0.51","2.49","2.22","3.32","3.37","0.1","3.27","2.575","2.48","-0.19","2.67"
"1640212927887","o9n_DtF8L","https://foodcam20.media.mit.edu/static/entities/oct9_news/t_Walmart%20donated%20to%20Texas%20governor.png","solarflare","news","oct9_news","0.365","2.96","3.02","0.12","2.9","2.255","2.51","0.51","2.0","4.06","3.7","-0.72","4.42","3.75","3.94","0.38","3.56","3.865","3.23","-1.27","4.5","0.24","4.24","4.02","-0.44","4.46","2.595","2.9","2.34","3.15","-0.51","0.5","2.85","2.65","3.355","3.13","-0.45","3.58","3.0","3.0","0.0","3.0"
"1640212927950","o9n_dMnwN","https://foodcam20.media.mit.edu/static/entities/oct9_news/t_Warren%20private%20equity%20crackdown.png","solarflare","news","oct9_news","0.86","3.275","3.14","-0.27","3.41","2.36","2.5","0.28","2.22","3.705","3.93","0.45","3.48","3.61","3.68","0.14","3.54","2.64","2.48","-0.32","2.8","-0.23","3.77","3.84","0.14","3.7","2.685","2.74","2.98","2.48","0.59","-0.52","2.39","3.0","3.16","3.23","0.14","3.09","2.67","2.77","0.2","2.57"
"1640212928010","o9n_8Tf8x","https://foodcam20.media.mit.edu/static/entities/oct9_news/t_Washington%20workers%20refuse%20COVID%20vaccine.png","solarflare","news","oct9_news","0.175","2.755","2.47","-0.57","3.04","2.62","2.79","0.34","2.45","4.23","4.33","0.2","4.13","4.245","4.23","-0.03","4.26","3.325","3.05","-0.55","3.6","-0.355","3.645","3.93","0.57","3.36","2.68","3.345","2.7","3.35","0.04","0.01","2.66","3.34","3.17","3.3","0.26","3.04","3.03","2.93","-0.2","3.13"
"1640212928070","o9n_hB1vS","https://foodcam20.media.mit.edu/static/entities/oct9_news/t_white%20house%20plan%20for%20vaccinating%20kids.png","solarflare","news","oct9_news","0.92","2.44","2.54","0.2","2.34","3.425","3.62","0.39","3.23","4.845","4.92","0.15","4.77","4.735","4.85","0.23","4.62","2.58","2.33","-0.5","2.83","0.21","4.21","4.46","0.5","3.96","3.125","2.86","4.04","2.38","1.83","-0.96","2.21","3.34","2.61","2.69","0.16","2.53","3.09","3.37","0.56","2.81"
"1640212928128","o9n_zfV7H","https://foodcam20.media.mit.edu/static/entities/oct9_news/t_white%20male%20minority%20rule%20in%20US%20politics.png","solarflare","news","oct9_news","0.31","3.455","3.33","-0.25","3.58","2.325","2.77","0.89","1.88","3.55","4.0","0.9","3.1","3.435","3.77","0.67","3.1","3.19","3.1","-0.18","3.28","-0.66","3.34","3.56","0.44","3.12","2.28","2.985","2.58","3.37","0.6","0.77","1.98","2.6","3.36","3.08","-0.56","3.64","2.53","3.0","0.94","2.06"
"1640212928188","o9n_KZ3Mn","https://foodcam20.media.mit.edu/static/entities/oct9_news/t_youngkin%20got%20boost%20from%20blasting%20crt.png","solarflare","news","oct9_news","0.39","2.905","2.62","-0.57","3.19","2.885","2.62","-0.53","3.15","4.155","3.98","-0.35","4.33","4.215","4.22","0.01","4.21","3.89","3.65","-0.48","4.13","0.025","4.025","3.8","-0.45","4.25","2.795","2.69","2.4","2.71","-0.79","0.04","3.19","2.67","2.815","2.82","0.01","2.81","2.925","3.0","0.15","2.85"
"1640212928250","o9n_Hi2Tj","https://foodcam20.media.mit.edu/static/entities/oct9_news/t_youngkins%20underage%20son%20tried%20to%20vote%20twice.png","solarflare","news","oct9_news","0.715","3.115","2.98","-0.27","3.25","2.54","2.89","0.7","2.19","4.115","4.48","0.73","3.75","3.54","3.95","0.82","3.13","2.785","2.61","-0.35","2.96","-0.135","3.865","4.23","0.73","3.5","2.45","3.22","2.82","3.27","0.74","0.1","2.08","3.17","3.67","3.57","-0.2","3.77","2.81","3.39","1.16","2.23"
"1640212928308","o9n_jWKzW","https://foodcam20.media.mit.edu/static/entities/oct9_news/t_Zuckerberg%20testify%20Instagram%20impact%20on%20kids.png","solarflare","news","oct9_news","0.205","3.105","3.08","-0.05","3.13","2.6","2.82","0.44","2.38","4.095","4.02","-0.15","4.17","4.01","4.02","0.02","4.0","3.295","2.92","-0.75","3.67","0.1","4.1","4.24","0.28","3.96","2.755","2.8","2.84","2.68","0.17","-0.24","2.67","2.92","2.975","2.85","-0.25","3.1","2.745","2.87","0.25","2.62"
"1640212919685","o9n_wxQ96","https://foodcam20.media.mit.edu/static/entities/oct9_news/f_Obama%20foundation%20owns%2082%25%20mail-in%20ballot%20printers.png","solarflare","news","oct9_news","0.235","3.04","2.85","-0.38","3.23","2.515","2.56","0.09","2.47","3.475","3.46","-0.03","3.49","3.13","3.17","0.08","3.09","3.265","3.02","-0.49","3.51","-0.265","3.735","3.66","-0.15","3.81","2.755","2.835","2.88","2.88","0.25","0.09","2.63","2.79","3.085","3.17","0.17","3.0","2.875","2.98","0.21","2.77"
"1640212921021","o9n_dXijO","https://foodcam20.media.mit.edu/static/entities/oct9_news/f_thetruedefender-920-women-lose-unborn.png","solarflare","news","oct9_news","0.54","2.4","2.87","0.94","1.93","2.27","2.25","-0.04","2.29","4.715","4.36","-0.71","5.07","3.185","2.75","-0.87","3.62","4.04","4.19","0.3","3.89","-0.075","3.925","3.92","-0.01","3.93","2.19","4.23","2.25","4.02","0.12","-0.42","2.13","4.44","3.6","4.09","0.98","3.11","3.28","3.09","-0.38","3.47"
"1640212922297","o9n_CMunG","https://foodcam20.media.mit.edu/static/entities/oct9_news/t_2020%20election%20was%20secure%20per%20Wisconsin%20audit%20results.png","solarflare","news","oct9_news","1.085","3.26","3.11","-0.3","3.41","2.675","3.4","1.45","1.95","4.105","4.4","0.59","3.81","3.805","4.18","0.75","3.43","2.415","2.51","0.19","2.32","-0.295","3.705","4.11","0.81","3.3","2.77","2.8","3.68","2.63","1.82","-0.34","1.86","2.97","3.025","2.91","-0.23","3.14","2.585","3.09","1.01","2.08"
"1640212927106","o9n_aWHC0","https://foodcam20.media.mit.edu/static/entities/oct9_news/t_trump%20beats%20biden%20in%20latest%202024%20poll.png","solarflare","news","oct9_news","1.055","2.775","2.97","0.39","2.58","2.365","2.5","0.27","2.23","4.33","4.15","-0.36","4.51","3.385","3.1","-0.57","3.67","4.555","3.97","-1.17","5.14","-0.405","3.595","3.31","-0.57","3.88","3.055","2.945","2.37","3.63","-1.37","1.37","3.74","2.26","3.42","3.44","0.04","3.4","2.955","2.42","-1.07","3.49"
"1640212923586","o9n_x09NT","https://foodcam20.media.mit.edu/static/entities/oct9_news/t_border%20patrol%20makes%20million%20arrests%20in%202021.png","solarflare","news","oct9_news","0.41","2.57","2.88","0.62","2.26","2.765","2.72","-0.09","2.81","4.565","4.39","-0.35","4.74","3.995","3.82","-0.35","4.17","3.91","3.56","-0.7","4.26","0.08","4.08","4.18","0.2","3.98","2.72","3.73","2.74","3.91","0.04","0.36","2.7","3.55","3.105","3.51","0.81","2.7","2.96","3.11","0.3","2.81"
